,locationID,slug,name,level,city,county,state,country,lat,long,population,aggregate,tz,cases,deaths,recovered,active,tested,hospitalized,hospitalized_current,discharged,icu,icu_current,date
201023,iso1:us#iso2:us-ca#fips:06001,alameda-county-california-us,"Alameda County, California, US",county,,Alameda County,California,United States,37.65,-121.89,1671329,,America/Los_Angeles,0.0,0.0,,,,,,,,,2020-01-24
201024,iso1:us#iso2:us-ca#fips:06001,alameda-county-california-us,"Alameda County, California, US",county,,Alameda County,California,United States,37.65,-121.89,1671329,,America/Los_Angeles,0.0,0.0,,,,,,,,,2020-01-25
201025,iso1:us#iso2:us-ca#fips:06001,alameda-county-california-us,"Alameda County, California, US",county,,Alameda County,California,United States,37.65,-121.89,1671329,,America/Los_Angeles,0.0,0.0,,,,,,,,,2020-01-26
201026,iso1:us#iso2:us-ca#fips:06001,alameda-county-california-us,"Alameda County, California, US",county,,Alameda County,California,United States,37.65,-121.89,1671329,,America/Los_Angeles,0.0,0.0,,,,,,,,,2020-01-27
201027,iso1:us#iso2:us-ca#fips:06001,alameda-county-california-us,"Alameda County, California, US",county,,Alameda County,California,United States,37.65,-121.89,1671329,,America/Los_Angeles,0.0,0.0,,,,,,,,,2020-01-28
201028,iso1:us#iso2:us-ca#fips:06001,alameda-county-california-us,"Alameda County, California, US",county,,Alameda County,California,United States,37.65,-121.89,1671329,,America/Los_Angeles,0.0,0.0,,,,,,,,,2020-01-29
201029,iso1:us#iso2:us-ca#fips:06001,alameda-county-california-us,"Alameda County, California, US",county,,Alameda County,California,United States,37.65,-121.89,1671329,,America/Los_Angeles,0.0,0.0,,,,,,,,,2020-01-30
201030,iso1:us#iso2:us-ca#fips:06001,alameda-county-california-us,"Alameda County, California, US",county,,Alameda County,California,United States,37.65,-121.89,1671329,,America/Los_Angeles,0.0,0.0,,,,,,,,,2020-01-31
201031,iso1:us#iso2:us-ca#fips:06001,alameda-county-california-us,"Alameda County, California, US",county,,Alameda County,California,United States,37.65,-121.89,1671329,,America/Los_Angeles,0.0,0.0,,,,,,,,,2020-02-01
201032,iso1:us#iso2:us-ca#fips:06001,alameda-county-california-us,"Alameda County, California, US",county,,Alameda County,California,United States,37.65,-121.89,1671329,,America/Los_Angeles,0.0,0.0,,,,,,,,,2020-02-02
201033,iso1:us#iso2:us-ca#fips:06001,alameda-county-california-us,"Alameda County, California, US",county,,Alameda County,California,United States,37.65,-121.89,1671329,,America/Los_Angeles,0.0,0.0,,,,,,,,,2020-02-03
201034,iso1:us#iso2:us-ca#fips:06001,alameda-county-california-us,"Alameda County, California, US",county,,Alameda County,California,United States,37.65,-121.89,1671329,,America/Los_Angeles,0.0,0.0,,,,,,,,,2020-02-04
201035,iso1:us#iso2:us-ca#fips:06001,alameda-county-california-us,"Alameda County, California, US",county,,Alameda County,California,United States,37.65,-121.89,1671329,,America/Los_Angeles,0.0,0.0,,,,,,,,,2020-02-05
201036,iso1:us#iso2:us-ca#fips:06001,alameda-county-california-us,"Alameda County, California, US",county,,Alameda County,California,United States,37.65,-121.89,1671329,,America/Los_Angeles,0.0,0.0,,,,,,,,,2020-02-06
201037,iso1:us#iso2:us-ca#fips:06001,alameda-county-california-us,"Alameda County, California, US",county,,Alameda County,California,United States,37.65,-121.89,1671329,,America/Los_Angeles,0.0,0.0,,,,,,,,,2020-02-07
201038,iso1:us#iso2:us-ca#fips:06001,alameda-county-california-us,"Alameda County, California, US",county,,Alameda County,California,United States,37.65,-121.89,1671329,,America/Los_Angeles,0.0,0.0,,,,,,,,,2020-02-08
201039,iso1:us#iso2:us-ca#fips:06001,alameda-county-california-us,"Alameda County, California, US",county,,Alameda County,California,United States,37.65,-121.89,1671329,,America/Los_Angeles,0.0,0.0,,,,,,,,,2020-02-09
201040,iso1:us#iso2:us-ca#fips:06001,alameda-county-california-us,"Alameda County, California, US",county,,Alameda County,California,United States,37.65,-121.89,1671329,,America/Los_Angeles,0.0,0.0,,,,,,,,,2020-02-10
201041,iso1:us#iso2:us-ca#fips:06001,alameda-county-california-us,"Alameda County, California, US",county,,Alameda County,California,United States,37.65,-121.89,1671329,,America/Los_Angeles,0.0,0.0,,,,,,,,,2020-02-11
201042,iso1:us#iso2:us-ca#fips:06001,alameda-county-california-us,"Alameda County, California, US",county,,Alameda County,California,United States,37.65,-121.89,1671329,,America/Los_Angeles,0.0,0.0,,,,,,,,,2020-02-12
201043,iso1:us#iso2:us-ca#fips:06001,alameda-county-california-us,"Alameda County, California, US",county,,Alameda County,California,United States,37.65,-121.89,1671329,,America/Los_Angeles,0.0,0.0,,,,,,,,,2020-02-13
201044,iso1:us#iso2:us-ca#fips:06001,alameda-county-california-us,"Alameda County, California, US",county,,Alameda County,California,United States,37.65,-121.89,1671329,,America/Los_Angeles,0.0,0.0,,,,,,,,,2020-02-14
201045,iso1:us#iso2:us-ca#fips:06001,alameda-county-california-us,"Alameda County, California, US",county,,Alameda County,California,United States,37.65,-121.89,1671329,,America/Los_Angeles,0.0,0.0,,,,,,,,,2020-02-15
201046,iso1:us#iso2:us-ca#fips:06001,alameda-county-california-us,"Alameda County, California, US",county,,Alameda County,California,United States,37.65,-121.89,1671329,,America/Los_Angeles,0.0,0.0,,,,,,,,,2020-02-16
201047,iso1:us#iso2:us-ca#fips:06001,alameda-county-california-us,"Alameda County, California, US",county,,Alameda County,California,United States,37.65,-121.89,1671329,,America/Los_Angeles,0.0,0.0,,,,,,,,,2020-02-17
201048,iso1:us#iso2:us-ca#fips:06001,alameda-county-california-us,"Alameda County, California, US",county,,Alameda County,California,United States,37.65,-121.89,1671329,,America/Los_Angeles,0.0,0.0,,,,,,,,,2020-02-18
201049,iso1:us#iso2:us-ca#fips:06001,alameda-county-california-us,"Alameda County, California, US",county,,Alameda County,California,United States,37.65,-121.89,1671329,,America/Los_Angeles,0.0,0.0,,,,,,,,,2020-02-19
201050,iso1:us#iso2:us-ca#fips:06001,alameda-county-california-us,"Alameda County, California, US",county,,Alameda County,California,United States,37.65,-121.89,1671329,,America/Los_Angeles,0.0,0.0,,,,,,,,,2020-02-20
201051,iso1:us#iso2:us-ca#fips:06001,alameda-county-california-us,"Alameda County, California, US",county,,Alameda County,California,United States,37.65,-121.89,1671329,,America/Los_Angeles,0.0,0.0,,,,,,,,,2020-02-21
201052,iso1:us#iso2:us-ca#fips:06001,alameda-county-california-us,"Alameda County, California, US",county,,Alameda County,California,United States,37.65,-121.89,1671329,,America/Los_Angeles,0.0,0.0,,,,,,,,,2020-02-22
201053,iso1:us#iso2:us-ca#fips:06001,alameda-county-california-us,"Alameda County, California, US",county,,Alameda County,California,United States,37.65,-121.89,1671329,,America/Los_Angeles,0.0,0.0,,,,,,,,,2020-02-23
201054,iso1:us#iso2:us-ca#fips:06001,alameda-county-california-us,"Alameda County, California, US",county,,Alameda County,California,United States,37.65,-121.89,1671329,,America/Los_Angeles,0.0,0.0,,,,,,,,,2020-02-24
201055,iso1:us#iso2:us-ca#fips:06001,alameda-county-california-us,"Alameda County, California, US",county,,Alameda County,California,United States,37.65,-121.89,1671329,,America/Los_Angeles,0.0,0.0,,,,,,,,,2020-02-25
201056,iso1:us#iso2:us-ca#fips:06001,alameda-county-california-us,"Alameda County, California, US",county,,Alameda County,California,United States,37.65,-121.89,1671329,,America/Los_Angeles,0.0,0.0,,,,,,,,,2020-02-26
201057,iso1:us#iso2:us-ca#fips:06001,alameda-county-california-us,"Alameda County, California, US",county,,Alameda County,California,United States,37.65,-121.89,1671329,,America/Los_Angeles,0.0,0.0,,,,,,,,,2020-02-27
201058,iso1:us#iso2:us-ca#fips:06001,alameda-county-california-us,"Alameda County, California, US",county,,Alameda County,California,United States,37.65,-121.89,1671329,,America/Los_Angeles,0.0,0.0,,,,,,,,,2020-02-28
201059,iso1:us#iso2:us-ca#fips:06001,alameda-county-california-us,"Alameda County, California, US",county,,Alameda County,California,United States,37.65,-121.89,1671329,,America/Los_Angeles,0.0,0.0,,,,,,,,,2020-02-29
201060,iso1:us#iso2:us-ca#fips:06001,alameda-county-california-us,"Alameda County, California, US",county,,Alameda County,California,United States,37.65,-121.89,1671329,,America/Los_Angeles,1.0,0.0,,,,,,,,,2020-03-01
201061,iso1:us#iso2:us-ca#fips:06001,alameda-county-california-us,"Alameda County, California, US",county,,Alameda County,California,United States,37.65,-121.89,1671329,,America/Los_Angeles,1.0,0.0,,,,,,,,,2020-03-02
201062,iso1:us#iso2:us-ca#fips:06001,alameda-county-california-us,"Alameda County, California, US",county,,Alameda County,California,United States,37.65,-121.89,1671329,,America/Los_Angeles,2.0,0.0,,,,,,,,,2020-03-03
201063,iso1:us#iso2:us-ca#fips:06001,alameda-county-california-us,"Alameda County, California, US",county,,Alameda County,California,United States,37.65,-121.89,1671329,,America/Los_Angeles,2.0,0.0,,,,,,,,,2020-03-04
201064,iso1:us#iso2:us-ca#fips:06001,alameda-county-california-us,"Alameda County, California, US",county,,Alameda County,California,United States,37.65,-121.89,1671329,,America/Los_Angeles,2.0,0.0,,,,,,,,,2020-03-05
201065,iso1:us#iso2:us-ca#fips:06001,alameda-county-california-us,"Alameda County, California, US",county,,Alameda County,California,United States,37.65,-121.89,1671329,,America/Los_Angeles,3.0,0.0,,,,,,,,,2020-03-06
201066,iso1:us#iso2:us-ca#fips:06001,alameda-county-california-us,"Alameda County, California, US",county,,Alameda County,California,United States,37.65,-121.89,1671329,,America/Los_Angeles,3.0,0.0,,,,,,,,,2020-03-07
201067,iso1:us#iso2:us-ca#fips:06001,alameda-county-california-us,"Alameda County, California, US",county,,Alameda County,California,United States,37.65,-121.89,1671329,,America/Los_Angeles,3.0,0.0,,,,,,,,,2020-03-08
201068,iso1:us#iso2:us-ca#fips:06001,alameda-county-california-us,"Alameda County, California, US",county,,Alameda County,California,United States,37.65,-121.89,1671329,,America/Los_Angeles,24.0,0.0,,,,,,,,,2020-03-09
201069,iso1:us#iso2:us-ca#fips:06001,alameda-county-california-us,"Alameda County, California, US",county,,Alameda County,California,United States,37.65,-121.89,1671329,,America/Los_Angeles,25.0,0.0,,,,,,,,,2020-03-10
201070,iso1:us#iso2:us-ca#fips:06001,alameda-county-california-us,"Alameda County, California, US",county,,Alameda County,California,United States,37.65,-121.89,1671329,,America/Los_Angeles,25.0,0.0,,,,,,,,,2020-03-11
201071,iso1:us#iso2:us-ca#fips:06001,alameda-county-california-us,"Alameda County, California, US",county,,Alameda County,California,United States,37.65,-121.89,1671329,,America/Los_Angeles,29.0,0.0,,,,,,,,,2020-03-12
201072,iso1:us#iso2:us-ca#fips:06001,alameda-county-california-us,"Alameda County, California, US",county,,Alameda County,California,United States,37.65,-121.89,1671329,,America/Los_Angeles,29.0,0.0,,,,,,,,,2020-03-13
201073,iso1:us#iso2:us-ca#fips:06001,alameda-county-california-us,"Alameda County, California, US",county,,Alameda County,California,United States,37.65,-121.89,1671329,,America/Los_Angeles,29.0,0.0,,,,,,,,,2020-03-14
201074,iso1:us#iso2:us-ca#fips:06001,alameda-county-california-us,"Alameda County, California, US",county,,Alameda County,California,United States,37.65,-121.89,1671329,,America/Los_Angeles,37.0,0.0,,,,,,,,,2020-03-15
201075,iso1:us#iso2:us-ca#fips:06001,alameda-county-california-us,"Alameda County, California, US",county,,Alameda County,California,United States,37.65,-121.89,1671329,,America/Los_Angeles,40.0,0.0,,,,,,,,,2020-03-16
201076,iso1:us#iso2:us-ca#fips:06001,alameda-county-california-us,"Alameda County, California, US",county,,Alameda County,California,United States,37.65,-121.89,1671329,,America/Los_Angeles,49.0,0.0,,,,,,,,,2020-03-17
201077,iso1:us#iso2:us-ca#fips:06001,alameda-county-california-us,"Alameda County, California, US",county,,Alameda County,California,United States,37.65,-121.89,1671329,,America/Los_Angeles,53.0,0.0,,,,,,,,,2020-03-18
201078,iso1:us#iso2:us-ca#fips:06001,alameda-county-california-us,"Alameda County, California, US",county,,Alameda County,California,United States,37.65,-121.89,1671329,,America/Los_Angeles,57.0,0.0,,,,,,,,,2020-03-19
201079,iso1:us#iso2:us-ca#fips:06001,alameda-county-california-us,"Alameda County, California, US",county,,Alameda County,California,United States,37.65,-121.89,1671329,,America/Los_Angeles,67.0,0.0,,,,,,,,,2020-03-20
201080,iso1:us#iso2:us-ca#fips:06001,alameda-county-california-us,"Alameda County, California, US",county,,Alameda County,California,United States,37.65,-121.89,1671329,,America/Los_Angeles,70.0,0.0,,,,,,,,,2020-03-21
201081,iso1:us#iso2:us-ca#fips:06001,alameda-county-california-us,"Alameda County, California, US",county,,Alameda County,California,United States,37.65,-121.89,1671329,,America/Los_Angeles,106.0,0.0,,,,,,,,,2020-03-22
201082,iso1:us#iso2:us-ca#fips:06001,alameda-county-california-us,"Alameda County, California, US",county,,Alameda County,California,United States,37.65,-121.89,1671329,,America/Los_Angeles,122.0,1.0,,,,,,,,,2020-03-23
201083,iso1:us#iso2:us-ca#fips:06001,alameda-county-california-us,"Alameda County, California, US",county,,Alameda County,California,United States,37.65,-121.89,1671329,,America/Los_Angeles,135.0,2.0,,,,,,,,,2020-03-24
201084,iso1:us#iso2:us-ca#fips:06001,alameda-county-california-us,"Alameda County, California, US",county,,Alameda County,California,United States,37.65,-121.89,1671329,,America/Los_Angeles,135.0,4.0,,,,,,,,,2020-03-25
201085,iso1:us#iso2:us-ca#fips:06001,alameda-county-california-us,"Alameda County, California, US",county,,Alameda County,California,United States,37.65,-121.89,1671329,,America/Los_Angeles,178.0,4.0,,,,,,,,,2020-03-26
201086,iso1:us#iso2:us-ca#fips:06001,alameda-county-california-us,"Alameda County, California, US",county,,Alameda County,California,United States,37.65,-121.89,1671329,,America/Los_Angeles,220.0,4.0,,,,,,,,,2020-03-27
201087,iso1:us#iso2:us-ca#fips:06001,alameda-county-california-us,"Alameda County, California, US",county,,Alameda County,California,United States,37.65,-121.89,1671329,,America/Los_Angeles,256.0,6.0,,,,,,,,,2020-03-28
201088,iso1:us#iso2:us-ca#fips:06001,alameda-county-california-us,"Alameda County, California, US",county,,Alameda County,California,United States,37.65,-121.89,1671329,,America/Los_Angeles,270.0,7.0,,,,,,,,,2020-03-29
201089,iso1:us#iso2:us-ca#fips:06001,alameda-county-california-us,"Alameda County, California, US",county,,Alameda County,California,United States,37.65,-121.89,1671329,,America/Los_Angeles,283.0,7.0,,,,,,,,,2020-03-30
201090,iso1:us#iso2:us-ca#fips:06001,alameda-county-california-us,"Alameda County, California, US",county,,Alameda County,California,United States,37.65,-121.89,1671329,,America/Los_Angeles,313.0,7.0,,,,,,,,,2020-03-31
201091,iso1:us#iso2:us-ca#fips:06001,alameda-county-california-us,"Alameda County, California, US",county,,Alameda County,California,United States,37.65,-121.89,1671329,,America/Los_Angeles,359.0,8.0,,,,,,,,,2020-04-01
201092,iso1:us#iso2:us-ca#fips:06001,alameda-county-california-us,"Alameda County, California, US",county,,Alameda County,California,United States,37.65,-121.89,1671329,,America/Los_Angeles,396.0,9.0,,,,,,,,,2020-04-02
201093,iso1:us#iso2:us-ca#fips:06001,alameda-county-california-us,"Alameda County, California, US",county,,Alameda County,California,United States,37.65,-121.89,1671329,,America/Los_Angeles,443.0,12.0,,,,,,,,,2020-04-03
201094,iso1:us#iso2:us-ca#fips:06001,alameda-county-california-us,"Alameda County, California, US",county,,Alameda County,California,United States,37.65,-121.89,1671329,,America/Los_Angeles,537.0,12.0,,,,,,,,,2020-04-04
201095,iso1:us#iso2:us-ca#fips:06001,alameda-county-california-us,"Alameda County, California, US",county,,Alameda County,California,United States,37.65,-121.89,1671329,,America/Los_Angeles,566.0,12.0,,,,,,,,,2020-04-05
201096,iso1:us#iso2:us-ca#fips:06001,alameda-county-california-us,"Alameda County, California, US",county,,Alameda County,California,United States,37.65,-121.89,1671329,,America/Los_Angeles,588.0,13.0,,,,,,,,,2020-04-06
201097,iso1:us#iso2:us-ca#fips:06001,alameda-county-california-us,"Alameda County, California, US",county,,Alameda County,California,United States,37.65,-121.89,1671329,,America/Los_Angeles,634.0,15.0,,,,,,,,,2020-04-07
201098,iso1:us#iso2:us-ca#fips:06001,alameda-county-california-us,"Alameda County, California, US",county,,Alameda County,California,United States,37.65,-121.89,1671329,,America/Los_Angeles,674.0,16.0,,,,,,,,,2020-04-08
201099,iso1:us#iso2:us-ca#fips:06001,alameda-county-california-us,"Alameda County, California, US",county,,Alameda County,California,United States,37.65,-121.89,1671329,,America/Los_Angeles,713.0,17.0,,,,,,,,,2020-04-09
201100,iso1:us#iso2:us-ca#fips:06001,alameda-county-california-us,"Alameda County, California, US",county,,Alameda County,California,United States,37.65,-121.89,1671329,,America/Los_Angeles,766.0,20.0,,,,,,,,,2020-04-10
201101,iso1:us#iso2:us-ca#fips:06001,alameda-county-california-us,"Alameda County, California, US",county,,Alameda County,California,United States,37.65,-121.89,1671329,,America/Los_Angeles,806.0,21.0,,,,,,,,,2020-04-11
201102,iso1:us#iso2:us-ca#fips:06001,alameda-county-california-us,"Alameda County, California, US",county,,Alameda County,California,United States,37.65,-121.89,1671329,,America/Los_Angeles,843.0,23.0,,,,,,,,,2020-04-12
201103,iso1:us#iso2:us-ca#fips:06001,alameda-county-california-us,"Alameda County, California, US",county,,Alameda County,California,United States,37.65,-121.89,1671329,,America/Los_Angeles,886.0,23.0,,,,,,,,,2020-04-13
201104,iso1:us#iso2:us-ca#fips:06001,alameda-county-california-us,"Alameda County, California, US",county,,Alameda County,California,United States,37.65,-121.89,1671329,,America/Los_Angeles,884.0,36.0,,,,,,,,,2020-04-14
201105,iso1:us#iso2:us-ca#fips:06001,alameda-county-california-us,"Alameda County, California, US",county,,Alameda County,California,United States,37.65,-121.89,1671329,,America/Los_Angeles,962.0,36.0,,,,,,,,,2020-04-15
201106,iso1:us#iso2:us-ca#fips:06001,alameda-county-california-us,"Alameda County, California, US",county,,Alameda County,California,United States,37.65,-121.89,1671329,,America/Los_Angeles,1007.0,39.0,,,,,,,,,2020-04-16
201107,iso1:us#iso2:us-ca#fips:06001,alameda-county-california-us,"Alameda County, California, US",county,,Alameda County,California,United States,37.65,-121.89,1671329,,America/Los_Angeles,1061.0,40.0,,,,,,,,,2020-04-17
201108,iso1:us#iso2:us-ca#fips:06001,alameda-county-california-us,"Alameda County, California, US",county,,Alameda County,California,United States,37.65,-121.89,1671329,,America/Los_Angeles,1114.0,41.0,,,,,,,,,2020-04-18
201109,iso1:us#iso2:us-ca#fips:06001,alameda-county-california-us,"Alameda County, California, US",county,,Alameda County,California,United States,37.65,-121.89,1671329,,America/Los_Angeles,1164.0,42.0,,,,,,,,,2020-04-19
201110,iso1:us#iso2:us-ca#fips:06001,alameda-county-california-us,"Alameda County, California, US",county,,Alameda County,California,United States,37.65,-121.89,1671329,,America/Los_Angeles,1191.0,42.0,,,,,,,,,2020-04-20
201111,iso1:us#iso2:us-ca#fips:06001,alameda-county-california-us,"Alameda County, California, US",county,,Alameda County,California,United States,37.65,-121.89,1671329,,America/Los_Angeles,1239.0,43.0,,,,,,,,,2020-04-21
201112,iso1:us#iso2:us-ca#fips:06001,alameda-county-california-us,"Alameda County, California, US",county,,Alameda County,California,United States,37.65,-121.89,1671329,,America/Los_Angeles,1280.0,45.0,,,,,,,,,2020-04-22
201113,iso1:us#iso2:us-ca#fips:06001,alameda-county-california-us,"Alameda County, California, US",county,,Alameda County,California,United States,37.65,-121.89,1671329,,America/Los_Angeles,1350.0,46.0,,,,,,,,,2020-04-23
201114,iso1:us#iso2:us-ca#fips:06001,alameda-county-california-us,"Alameda County, California, US",county,,Alameda County,California,United States,37.65,-121.89,1671329,,America/Los_Angeles,1401.0,48.0,,,,,,,,,2020-04-24
201115,iso1:us#iso2:us-ca#fips:06001,alameda-county-california-us,"Alameda County, California, US",county,,Alameda County,California,United States,37.65,-121.89,1671329,,America/Los_Angeles,1437.0,52.0,,,,,,,,,2020-04-25
201116,iso1:us#iso2:us-ca#fips:06001,alameda-county-california-us,"Alameda County, California, US",county,,Alameda County,California,United States,37.65,-121.89,1671329,,America/Los_Angeles,1468.0,52.0,,,,,,,,,2020-04-26
201117,iso1:us#iso2:us-ca#fips:06001,alameda-county-california-us,"Alameda County, California, US",county,,Alameda County,California,United States,37.65,-121.89,1671329,,America/Los_Angeles,1498.0,52.0,,,,,,,,,2020-04-27
201118,iso1:us#iso2:us-ca#fips:06001,alameda-county-california-us,"Alameda County, California, US",county,,Alameda County,California,United States,37.65,-121.89,1671329,,America/Los_Angeles,1533.0,55.0,,,,,,,,,2020-04-28
201119,iso1:us#iso2:us-ca#fips:06001,alameda-county-california-us,"Alameda County, California, US",county,,Alameda County,California,United States,37.65,-121.89,1671329,,America/Los_Angeles,1568.0,57.0,,,,,,,,,2020-04-29
201120,iso1:us#iso2:us-ca#fips:06001,alameda-county-california-us,"Alameda County, California, US",county,,Alameda County,California,United States,37.65,-121.89,1671329,,America/Los_Angeles,1603.0,60.0,,,,,,,,,2020-04-30
201121,iso1:us#iso2:us-ca#fips:06001,alameda-county-california-us,"Alameda County, California, US",county,,Alameda County,California,United States,37.65,-121.89,1671329,,America/Los_Angeles,1636.0,62.0,,,,,,,,,2020-05-01
201122,iso1:us#iso2:us-ca#fips:06001,alameda-county-california-us,"Alameda County, California, US",county,,Alameda County,California,United States,37.65,-121.89,1671329,,America/Los_Angeles,1705.0,63.0,,,,,,,,,2020-05-02
201123,iso1:us#iso2:us-ca#fips:06001,alameda-county-california-us,"Alameda County, California, US",county,,Alameda County,California,United States,37.65,-121.89,1671329,,America/Los_Angeles,1749.0,63.0,,,,,,,,,2020-05-03
201124,iso1:us#iso2:us-ca#fips:06001,alameda-county-california-us,"Alameda County, California, US",county,,Alameda County,California,United States,37.65,-121.89,1671329,,America/Los_Angeles,1776.0,63.0,,,,,,,,,2020-05-04
201125,iso1:us#iso2:us-ca#fips:06001,alameda-county-california-us,"Alameda County, California, US",county,,Alameda County,California,United States,37.65,-121.89,1671329,,America/Los_Angeles,1809.0,66.0,,,,,,,,,2020-05-05
201126,iso1:us#iso2:us-ca#fips:06001,alameda-county-california-us,"Alameda County, California, US",county,,Alameda County,California,United States,37.65,-121.89,1671329,,America/Los_Angeles,1863.0,66.0,,,,,,,,,2020-05-06
201127,iso1:us#iso2:us-ca#fips:06001,alameda-county-california-us,"Alameda County, California, US",county,,Alameda County,California,United States,37.65,-121.89,1671329,,America/Los_Angeles,1917.0,67.0,,,,,,,,,2020-05-07
201128,iso1:us#iso2:us-ca#fips:06001,alameda-county-california-us,"Alameda County, California, US",county,,Alameda County,California,United States,37.65,-121.89,1671329,,America/Los_Angeles,1961.0,70.0,,,,,,,,,2020-05-08
201129,iso1:us#iso2:us-ca#fips:06001,alameda-county-california-us,"Alameda County, California, US",county,,Alameda County,California,United States,37.65,-121.89,1671329,,America/Los_Angeles,2023.0,71.0,,,,,,,,,2020-05-09
201130,iso1:us#iso2:us-ca#fips:06001,alameda-county-california-us,"Alameda County, California, US",county,,Alameda County,California,United States,37.65,-121.89,1671329,,America/Los_Angeles,2064.0,71.0,,,,,,,,,2020-05-10
201131,iso1:us#iso2:us-ca#fips:06001,alameda-county-california-us,"Alameda County, California, US",county,,Alameda County,California,United States,37.65,-121.89,1671329,,America/Los_Angeles,2101.0,71.0,,,,,,,,,2020-05-11
201132,iso1:us#iso2:us-ca#fips:06001,alameda-county-california-us,"Alameda County, California, US",county,,Alameda County,California,United States,37.65,-121.89,1671329,,America/Los_Angeles,2133.0,74.0,,,,,,,,,2020-05-12
201133,iso1:us#iso2:us-ca#fips:06001,alameda-county-california-us,"Alameda County, California, US",county,,Alameda County,California,United States,37.65,-121.89,1671329,,America/Los_Angeles,2178.0,76.0,,,,,,,,,2020-05-13
201134,iso1:us#iso2:us-ca#fips:06001,alameda-county-california-us,"Alameda County, California, US",county,,Alameda County,California,United States,37.65,-121.89,1671329,,America/Los_Angeles,2234.0,79.0,,,,,,,,,2020-05-14
201135,iso1:us#iso2:us-ca#fips:06001,alameda-county-california-us,"Alameda County, California, US",county,,Alameda County,California,United States,37.65,-121.89,1671329,,America/Los_Angeles,2300.0,82.0,,,,,,,,,2020-05-15
201136,iso1:us#iso2:us-ca#fips:06001,alameda-county-california-us,"Alameda County, California, US",county,,Alameda County,California,United States,37.65,-121.89,1671329,,America/Los_Angeles,2351.0,83.0,,,,,,,,,2020-05-16
201137,iso1:us#iso2:us-ca#fips:06001,alameda-county-california-us,"Alameda County, California, US",county,,Alameda County,California,United States,37.65,-121.89,1671329,,America/Los_Angeles,2392.0,83.0,,,,,,,,,2020-05-17
201138,iso1:us#iso2:us-ca#fips:06001,alameda-county-california-us,"Alameda County, California, US",county,,Alameda County,California,United States,37.65,-121.89,1671329,,America/Los_Angeles,2457.0,83.0,,,,,,,,,2020-05-18
201139,iso1:us#iso2:us-ca#fips:06001,alameda-county-california-us,"Alameda County, California, US",county,,Alameda County,California,United States,37.65,-121.89,1671329,,America/Los_Angeles,2522.0,86.0,,,,,,,,,2020-05-19
201140,iso1:us#iso2:us-ca#fips:06001,alameda-county-california-us,"Alameda County, California, US",county,,Alameda County,California,United States,37.65,-121.89,1671329,,America/Los_Angeles,2560.0,88.0,,,,,,,,,2020-05-20
201141,iso1:us#iso2:us-ca#fips:06001,alameda-county-california-us,"Alameda County, California, US",county,,Alameda County,California,United States,37.65,-121.89,1671329,,America/Los_Angeles,2609.0,90.0,,,,,,,,,2020-05-21
201142,iso1:us#iso2:us-ca#fips:06001,alameda-county-california-us,"Alameda County, California, US",county,,Alameda County,California,United States,37.65,-121.89,1671329,,America/Los_Angeles,2708.0,90.0,,,,,,,,,2020-05-22
201143,iso1:us#iso2:us-ca#fips:06001,alameda-county-california-us,"Alameda County, California, US",county,,Alameda County,California,United States,37.65,-121.89,1671329,,America/Los_Angeles,2767.0,92.0,,,,,,,,,2020-05-23
201144,iso1:us#iso2:us-ca#fips:06001,alameda-county-california-us,"Alameda County, California, US",county,,Alameda County,California,United States,37.65,-121.89,1671329,,America/Los_Angeles,2847.0,93.0,,,,,,,,,2020-05-24
201145,iso1:us#iso2:us-ca#fips:06001,alameda-county-california-us,"Alameda County, California, US",county,,Alameda County,California,United States,37.65,-121.89,1671329,,America/Los_Angeles,2874.0,93.0,,,,,,,,,2020-05-25
201146,iso1:us#iso2:us-ca#fips:06001,alameda-county-california-us,"Alameda County, California, US",county,,Alameda County,California,United States,37.65,-121.89,1671329,,America/Los_Angeles,2986.0,93.0,,,,,,,,,2020-05-26
201147,iso1:us#iso2:us-ca#fips:06001,alameda-county-california-us,"Alameda County, California, US",county,,Alameda County,California,United States,37.65,-121.89,1671329,,America/Los_Angeles,3049.0,93.0,,,,,,,,,2020-05-27
201148,iso1:us#iso2:us-ca#fips:06001,alameda-county-california-us,"Alameda County, California, US",county,,Alameda County,California,United States,37.65,-121.89,1671329,,America/Los_Angeles,3097.0,94.0,,,,,,,,,2020-05-28
201149,iso1:us#iso2:us-ca#fips:06001,alameda-county-california-us,"Alameda County, California, US",county,,Alameda County,California,United States,37.65,-121.89,1671329,,America/Los_Angeles,3195.0,95.0,,,,,,,,,2020-05-29
201150,iso1:us#iso2:us-ca#fips:06001,alameda-county-california-us,"Alameda County, California, US",county,,Alameda County,California,United States,37.65,-121.89,1671329,,America/Los_Angeles,3289.0,95.0,,,,,,,,,2020-05-30
201151,iso1:us#iso2:us-ca#fips:06001,alameda-county-california-us,"Alameda County, California, US",county,,Alameda County,California,United States,37.65,-121.89,1671329,,America/Los_Angeles,3390.0,96.0,,,,,,,,,2020-05-31
201152,iso1:us#iso2:us-ca#fips:06001,alameda-county-california-us,"Alameda County, California, US",county,,Alameda County,California,United States,37.65,-121.89,1671329,,America/Los_Angeles,3470.0,96.0,,,,,,,,,2020-06-01
201153,iso1:us#iso2:us-ca#fips:06001,alameda-county-california-us,"Alameda County, California, US",county,,Alameda County,California,United States,37.65,-121.89,1671329,,America/Los_Angeles,3515.0,97.0,,,,,,,,,2020-06-02
201154,iso1:us#iso2:us-ca#fips:06001,alameda-county-california-us,"Alameda County, California, US",county,,Alameda County,California,United States,37.65,-121.89,1671329,,America/Los_Angeles,3548.0,97.0,,,,,,,,,2020-06-03
201155,iso1:us#iso2:us-ca#fips:06001,alameda-county-california-us,"Alameda County, California, US",county,,Alameda County,California,United States,37.65,-121.89,1671329,,America/Los_Angeles,3641.0,97.0,,,,,,,,,2020-06-04
201156,iso1:us#iso2:us-ca#fips:06001,alameda-county-california-us,"Alameda County, California, US",county,,Alameda County,California,United States,37.65,-121.89,1671329,,America/Los_Angeles,3725.0,101.0,,,,,,,,,2020-06-05
201157,iso1:us#iso2:us-ca#fips:06001,alameda-county-california-us,"Alameda County, California, US",county,,Alameda County,California,United States,37.65,-121.89,1671329,,America/Los_Angeles,3805.0,101.0,,,,,,,,,2020-06-06
201158,iso1:us#iso2:us-ca#fips:06001,alameda-county-california-us,"Alameda County, California, US",county,,Alameda County,California,United States,37.65,-121.89,1671329,,America/Los_Angeles,3874.0,101.0,,,,,,,,,2020-06-07
201159,iso1:us#iso2:us-ca#fips:06001,alameda-county-california-us,"Alameda County, California, US",county,,Alameda County,California,United States,37.65,-121.89,1671329,,America/Los_Angeles,3945.0,101.0,,,,,,,,,2020-06-08
201160,iso1:us#iso2:us-ca#fips:06001,alameda-county-california-us,"Alameda County, California, US",county,,Alameda County,California,United States,37.65,-121.89,1671329,,America/Los_Angeles,3985.0,102.0,,,,,,,,,2020-06-09
201161,iso1:us#iso2:us-ca#fips:06001,alameda-county-california-us,"Alameda County, California, US",county,,Alameda County,California,United States,37.65,-121.89,1671329,,America/Los_Angeles,4033.0,105.0,,,,,,,,,2020-06-10
201162,iso1:us#iso2:us-ca#fips:06001,alameda-county-california-us,"Alameda County, California, US",county,,Alameda County,California,United States,37.65,-121.89,1671329,,America/Los_Angeles,4119.0,108.0,,,,,,,,,2020-06-11
201163,iso1:us#iso2:us-ca#fips:06001,alameda-county-california-us,"Alameda County, California, US",county,,Alameda County,California,United States,37.65,-121.89,1671329,,America/Los_Angeles,4216.0,109.0,,,,,,,,,2020-06-12
201164,iso1:us#iso2:us-ca#fips:06001,alameda-county-california-us,"Alameda County, California, US",county,,Alameda County,California,United States,37.65,-121.89,1671329,,America/Los_Angeles,4216.0,109.0,,,,,,,,,2020-06-13
201165,iso1:us#iso2:us-ca#fips:06001,alameda-county-california-us,"Alameda County, California, US",county,,Alameda County,California,United States,37.65,-121.89,1671329,,America/Los_Angeles,4320.0,112.0,,,,,,,,,2020-06-14
201166,iso1:us#iso2:us-ca#fips:06001,alameda-county-california-us,"Alameda County, California, US",county,,Alameda County,California,United States,37.65,-121.89,1671329,,America/Los_Angeles,4373.0,112.0,,,,,,,,,2020-06-15
201167,iso1:us#iso2:us-ca#fips:06001,alameda-county-california-us,"Alameda County, California, US",county,,Alameda County,California,United States,37.65,-121.89,1671329,,America/Los_Angeles,4481.0,112.0,,,,,,,,,2020-06-16
201168,iso1:us#iso2:us-ca#fips:06001,alameda-county-california-us,"Alameda County, California, US",county,,Alameda County,California,United States,37.65,-121.89,1671329,,America/Los_Angeles,4533.0,116.0,,,,,,,,,2020-06-17
201169,iso1:us#iso2:us-ca#fips:06001,alameda-county-california-us,"Alameda County, California, US",county,,Alameda County,California,United States,37.65,-121.89,1671329,,America/Los_Angeles,4638.0,117.0,,,,,,,,,2020-06-18
201170,iso1:us#iso2:us-ca#fips:06001,alameda-county-california-us,"Alameda County, California, US",county,,Alameda County,California,United States,37.65,-121.89,1671329,,America/Los_Angeles,4702.0,118.0,,,,,,,,,2020-06-19
201171,iso1:us#iso2:us-ca#fips:06001,alameda-county-california-us,"Alameda County, California, US",county,,Alameda County,California,United States,37.65,-121.89,1671329,,America/Los_Angeles,4805.0,118.0,,,,,,,,,2020-06-20
201172,iso1:us#iso2:us-ca#fips:06001,alameda-county-california-us,"Alameda County, California, US",county,,Alameda County,California,United States,37.65,-121.89,1671329,,America/Los_Angeles,4805.0,118.0,,,,,,,,,2020-06-21
201173,iso1:us#iso2:us-ca#fips:06001,alameda-county-california-us,"Alameda County, California, US",county,,Alameda County,California,United States,37.65,-121.89,1671329,,America/Los_Angeles,5007.0,120.0,,,,,,,,,2020-06-22
201174,iso1:us#iso2:us-ca#fips:06001,alameda-county-california-us,"Alameda County, California, US",county,,Alameda County,California,United States,37.65,-121.89,1671329,,America/Los_Angeles,5140.0,120.0,,,,,,,,,2020-06-23
201175,iso1:us#iso2:us-ca#fips:06001,alameda-county-california-us,"Alameda County, California, US",county,,Alameda County,California,United States,37.65,-121.89,1671329,,America/Los_Angeles,5.0,122.0,,,,,,,,,2020-06-24
201176,iso1:us#iso2:us-ca#fips:06001,alameda-county-california-us,"Alameda County, California, US",county,,Alameda County,California,United States,37.65,-121.89,1671329,,America/Los_Angeles,5.0,128.0,,,,,,,,,2020-06-25
201177,iso1:us#iso2:us-ca#fips:06001,alameda-county-california-us,"Alameda County, California, US",county,,Alameda County,California,United States,37.65,-121.89,1671329,,America/Los_Angeles,5.0,130.0,,,,,,,,,2020-06-26
201178,iso1:us#iso2:us-ca#fips:06001,alameda-county-california-us,"Alameda County, California, US",county,,Alameda County,California,United States,37.65,-121.89,1671329,,America/Los_Angeles,5.0,130.0,,,,,,,,,2020-06-27
201179,iso1:us#iso2:us-ca#fips:06001,alameda-county-california-us,"Alameda County, California, US",county,,Alameda County,California,United States,37.65,-121.89,1671329,,America/Los_Angeles,5.0,133.0,,,,,,,,,2020-06-28
201180,iso1:us#iso2:us-ca#fips:06001,alameda-county-california-us,"Alameda County, California, US",county,,Alameda County,California,United States,37.65,-121.89,1671329,,America/Los_Angeles,5.0,133.0,,,,,,,,,2020-06-29
201181,iso1:us#iso2:us-ca#fips:06001,alameda-county-california-us,"Alameda County, California, US",county,,Alameda County,California,United States,37.65,-121.89,1671329,,America/Los_Angeles,5.0,135.0,,,,,,,,,2020-06-30
201182,iso1:us#iso2:us-ca#fips:06001,alameda-county-california-us,"Alameda County, California, US",county,,Alameda County,California,United States,37.65,-121.89,1671329,,America/Los_Angeles,6.0,136.0,,,,,,,,,2020-07-01
201183,iso1:us#iso2:us-ca#fips:06001,alameda-county-california-us,"Alameda County, California, US",county,,Alameda County,California,United States,37.65,-121.89,1671329,,America/Los_Angeles,6.0,138.0,,,,,,,,,2020-07-02
201184,iso1:us#iso2:us-ca#fips:06001,alameda-county-california-us,"Alameda County, California, US",county,,Alameda County,California,United States,37.65,-121.89,1671329,,America/Los_Angeles,6472.0,140.0,,,,,,,,,2020-07-03
201185,iso1:us#iso2:us-ca#fips:06001,alameda-county-california-us,"Alameda County, California, US",county,,Alameda County,California,United States,37.65,-121.89,1671329,,America/Los_Angeles,6556.0,140.0,,,,,,,,,2020-07-04
201186,iso1:us#iso2:us-ca#fips:06001,alameda-county-california-us,"Alameda County, California, US",county,,Alameda County,California,United States,37.65,-121.89,1671329,,America/Los_Angeles,6855.0,140.0,,,,,,,,,2020-07-05
201187,iso1:us#iso2:us-ca#fips:06001,alameda-county-california-us,"Alameda County, California, US",county,,Alameda County,California,United States,37.65,-121.89,1671329,,America/Los_Angeles,6887.0,140.0,,,,,,,,,2020-07-06
201188,iso1:us#iso2:us-ca#fips:06001,alameda-county-california-us,"Alameda County, California, US",county,,Alameda County,California,United States,37.65,-121.89,1671329,,America/Los_Angeles,6.0,140.0,,,,,,,,,2020-07-07
201189,iso1:us#iso2:us-ca#fips:06001,alameda-county-california-us,"Alameda County, California, US",county,,Alameda County,California,United States,37.65,-121.89,1671329,,America/Los_Angeles,7.0,142.0,,,,,,,,,2020-07-08
201190,iso1:us#iso2:us-ca#fips:06001,alameda-county-california-us,"Alameda County, California, US",county,,Alameda County,California,United States,37.65,-121.89,1671329,,America/Los_Angeles,7.0,146.0,,,,,,,,,2020-07-09
201191,iso1:us#iso2:us-ca#fips:06001,alameda-county-california-us,"Alameda County, California, US",county,,Alameda County,California,United States,37.65,-121.89,1671329,,America/Los_Angeles,7.0,147.0,,,,,,,,,2020-07-10
201192,iso1:us#iso2:us-ca#fips:06001,alameda-county-california-us,"Alameda County, California, US",county,,Alameda County,California,United States,37.65,-121.89,1671329,,America/Los_Angeles,7.0,148.0,,,,,,,,,2020-07-11
201193,iso1:us#iso2:us-ca#fips:06001,alameda-county-california-us,"Alameda County, California, US",county,,Alameda County,California,United States,37.65,-121.89,1671329,,America/Los_Angeles,7.0,148.0,,,,,,,,,2020-07-12
201194,iso1:us#iso2:us-ca#fips:06001,alameda-county-california-us,"Alameda County, California, US",county,,Alameda County,California,United States,37.65,-121.89,1671329,,America/Los_Angeles,7.0,148.0,,,,,,,,,2020-07-13
201195,iso1:us#iso2:us-ca#fips:06001,alameda-county-california-us,"Alameda County, California, US",county,,Alameda County,California,United States,37.65,-121.89,1671329,,America/Los_Angeles,8.0,152.0,,,,,,,,,2020-07-14
201196,iso1:us#iso2:us-ca#fips:06001,alameda-county-california-us,"Alameda County, California, US",county,,Alameda County,California,United States,37.65,-121.89,1671329,,America/Los_Angeles,8.0,154.0,,,,,,,,,2020-07-15
201197,iso1:us#iso2:us-ca#fips:06001,alameda-county-california-us,"Alameda County, California, US",county,,Alameda County,California,United States,37.65,-121.89,1671329,,America/Los_Angeles,8.0,154.0,,,,,,,,,2020-07-16
201198,iso1:us#iso2:us-ca#fips:06001,alameda-county-california-us,"Alameda County, California, US",county,,Alameda County,California,United States,37.65,-121.89,1671329,,America/Los_Angeles,8.0,161.0,,,,,,,,,2020-07-17
201199,iso1:us#iso2:us-ca#fips:06001,alameda-county-california-us,"Alameda County, California, US",county,,Alameda County,California,United States,37.65,-121.89,1671329,,America/Los_Angeles,9.0,162.0,,,,,,,,,2020-07-18
201200,iso1:us#iso2:us-ca#fips:06001,alameda-county-california-us,"Alameda County, California, US",county,,Alameda County,California,United States,37.65,-121.89,1671329,,America/Los_Angeles,9.0,162.0,,,,,,,,,2020-07-19
201201,iso1:us#iso2:us-ca#fips:06001,alameda-county-california-us,"Alameda County, California, US",county,,Alameda County,California,United States,37.65,-121.89,1671329,,America/Los_Angeles,9.0,162.0,,,,,,,,,2020-07-20
201202,iso1:us#iso2:us-ca#fips:06001,alameda-county-california-us,"Alameda County, California, US",county,,Alameda County,California,United States,37.65,-121.89,1671329,,America/Los_Angeles,9.0,167.0,,,,,,,,,2020-07-21
201203,iso1:us#iso2:us-ca#fips:06001,alameda-county-california-us,"Alameda County, California, US",county,,Alameda County,California,United States,37.65,-121.89,1671329,,America/Los_Angeles,9.0,171.0,,,,,,,,,2020-07-22
201204,iso1:us#iso2:us-ca#fips:06001,alameda-county-california-us,"Alameda County, California, US",county,,Alameda County,California,United States,37.65,-121.89,1671329,,America/Los_Angeles,9.0,173.0,,,,,,,,,2020-07-23
201205,iso1:us#iso2:us-ca#fips:06001,alameda-county-california-us,"Alameda County, California, US",county,,Alameda County,California,United States,37.65,-121.89,1671329,,America/Los_Angeles,10.0,178.0,,,,,,,,,2020-07-24
201206,iso1:us#iso2:us-ca#fips:06001,alameda-county-california-us,"Alameda County, California, US",county,,Alameda County,California,United States,37.65,-121.89,1671329,,America/Los_Angeles,10.0,178.0,,,,,,,,,2020-07-25
201207,iso1:us#iso2:us-ca#fips:06001,alameda-county-california-us,"Alameda County, California, US",county,,Alameda County,California,United States,37.65,-121.89,1671329,,America/Los_Angeles,10.0,178.0,,,,,,,,,2020-07-26
201208,iso1:us#iso2:us-ca#fips:06001,alameda-county-california-us,"Alameda County, California, US",county,,Alameda County,California,United States,37.65,-121.89,1671329,,America/Los_Angeles,10.0,178.0,,,,,,,,,2020-07-27
201209,iso1:us#iso2:us-ca#fips:06001,alameda-county-california-us,"Alameda County, California, US",county,,Alameda County,California,United States,37.65,-121.89,1671329,,America/Los_Angeles,10.0,181.0,,,,,,,,,2020-07-28
201210,iso1:us#iso2:us-ca#fips:06001,alameda-county-california-us,"Alameda County, California, US",county,,Alameda County,California,United States,37.65,-121.89,1671329,,America/Los_Angeles,10.0,181.0,,,,,,,,,2020-07-29
201211,iso1:us#iso2:us-ca#fips:06001,alameda-county-california-us,"Alameda County, California, US",county,,Alameda County,California,United States,37.65,-121.89,1671329,,America/Los_Angeles,11.0,182.0,,,,,,,,,2020-07-30
201212,iso1:us#iso2:us-ca#fips:06001,alameda-county-california-us,"Alameda County, California, US",county,,Alameda County,California,United States,37.65,-121.89,1671329,,America/Los_Angeles,11.0,182.0,,,,,,,,,2020-07-31
201213,iso1:us#iso2:us-ca#fips:06001,alameda-county-california-us,"Alameda County, California, US",county,,Alameda County,California,United States,37.65,-121.89,1671329,,America/Los_Angeles,11.0,189.0,,,,,,,,,2020-08-01
208097,iso1:us#iso2:us-ca#fips:06075,san-francisco-county-california-us,"San Francisco County, California, US",county,,San Francisco County,California,United States,37.76,-122.44,881549,,America/Los_Angeles,0.0,0.0,,,,,,,,,2020-01-24
208098,iso1:us#iso2:us-ca#fips:06075,san-francisco-county-california-us,"San Francisco County, California, US",county,,San Francisco County,California,United States,37.76,-122.44,881549,,America/Los_Angeles,0.0,0.0,,,,,,,,,2020-01-25
208099,iso1:us#iso2:us-ca#fips:06075,san-francisco-county-california-us,"San Francisco County, California, US",county,,San Francisco County,California,United States,37.76,-122.44,881549,,America/Los_Angeles,0.0,0.0,,,,,,,,,2020-01-26
208100,iso1:us#iso2:us-ca#fips:06075,san-francisco-county-california-us,"San Francisco County, California, US",county,,San Francisco County,California,United States,37.76,-122.44,881549,,America/Los_Angeles,0.0,0.0,,,,,,,,,2020-01-27
208101,iso1:us#iso2:us-ca#fips:06075,san-francisco-county-california-us,"San Francisco County, California, US",county,,San Francisco County,California,United States,37.76,-122.44,881549,,America/Los_Angeles,0.0,0.0,,,,,,,,,2020-01-28
208102,iso1:us#iso2:us-ca#fips:06075,san-francisco-county-california-us,"San Francisco County, California, US",county,,San Francisco County,California,United States,37.76,-122.44,881549,,America/Los_Angeles,0.0,0.0,,,,,,,,,2020-01-29
208103,iso1:us#iso2:us-ca#fips:06075,san-francisco-county-california-us,"San Francisco County, California, US",county,,San Francisco County,California,United States,37.76,-122.44,881549,,America/Los_Angeles,0.0,0.0,,,,,,,,,2020-01-30
208104,iso1:us#iso2:us-ca#fips:06075,san-francisco-county-california-us,"San Francisco County, California, US",county,,San Francisco County,California,United States,37.76,-122.44,881549,,America/Los_Angeles,0.0,0.0,,,,,,,,,2020-01-31
208105,iso1:us#iso2:us-ca#fips:06075,san-francisco-county-california-us,"San Francisco County, California, US",county,,San Francisco County,California,United States,37.76,-122.44,881549,,America/Los_Angeles,0.0,0.0,,,,,,,,,2020-02-01
208106,iso1:us#iso2:us-ca#fips:06075,san-francisco-county-california-us,"San Francisco County, California, US",county,,San Francisco County,California,United States,37.76,-122.44,881549,,America/Los_Angeles,2.0,0.0,,,,,,,,,2020-02-02
208107,iso1:us#iso2:us-ca#fips:06075,san-francisco-county-california-us,"San Francisco County, California, US",county,,San Francisco County,California,United States,37.76,-122.44,881549,,America/Los_Angeles,2.0,0.0,,,,,,,,,2020-02-03
208108,iso1:us#iso2:us-ca#fips:06075,san-francisco-county-california-us,"San Francisco County, California, US",county,,San Francisco County,California,United States,37.76,-122.44,881549,,America/Los_Angeles,2.0,0.0,,,,,,,,,2020-02-04
208109,iso1:us#iso2:us-ca#fips:06075,san-francisco-county-california-us,"San Francisco County, California, US",county,,San Francisco County,California,United States,37.76,-122.44,881549,,America/Los_Angeles,2.0,0.0,,,,,,,,,2020-02-05
208110,iso1:us#iso2:us-ca#fips:06075,san-francisco-county-california-us,"San Francisco County, California, US",county,,San Francisco County,California,United States,37.76,-122.44,881549,,America/Los_Angeles,2.0,0.0,,,,,,,,,2020-02-06
208111,iso1:us#iso2:us-ca#fips:06075,san-francisco-county-california-us,"San Francisco County, California, US",county,,San Francisco County,California,United States,37.76,-122.44,881549,,America/Los_Angeles,2.0,0.0,,,,,,,,,2020-02-07
208112,iso1:us#iso2:us-ca#fips:06075,san-francisco-county-california-us,"San Francisco County, California, US",county,,San Francisco County,California,United States,37.76,-122.44,881549,,America/Los_Angeles,2.0,0.0,,,,,,,,,2020-02-08
208113,iso1:us#iso2:us-ca#fips:06075,san-francisco-county-california-us,"San Francisco County, California, US",county,,San Francisco County,California,United States,37.76,-122.44,881549,,America/Los_Angeles,2.0,0.0,,,,,,,,,2020-02-09
208114,iso1:us#iso2:us-ca#fips:06075,san-francisco-county-california-us,"San Francisco County, California, US",county,,San Francisco County,California,United States,37.76,-122.44,881549,,America/Los_Angeles,2.0,0.0,,,,,,,,,2020-02-10
208115,iso1:us#iso2:us-ca#fips:06075,san-francisco-county-california-us,"San Francisco County, California, US",county,,San Francisco County,California,United States,37.76,-122.44,881549,,America/Los_Angeles,2.0,0.0,,,,,,,,,2020-02-11
208116,iso1:us#iso2:us-ca#fips:06075,san-francisco-county-california-us,"San Francisco County, California, US",county,,San Francisco County,California,United States,37.76,-122.44,881549,,America/Los_Angeles,2.0,0.0,,,,,,,,,2020-02-12
208117,iso1:us#iso2:us-ca#fips:06075,san-francisco-county-california-us,"San Francisco County, California, US",county,,San Francisco County,California,United States,37.76,-122.44,881549,,America/Los_Angeles,2.0,0.0,,,,,,,,,2020-02-13
208118,iso1:us#iso2:us-ca#fips:06075,san-francisco-county-california-us,"San Francisco County, California, US",county,,San Francisco County,California,United States,37.76,-122.44,881549,,America/Los_Angeles,2.0,0.0,,,,,,,,,2020-02-14
208119,iso1:us#iso2:us-ca#fips:06075,san-francisco-county-california-us,"San Francisco County, California, US",county,,San Francisco County,California,United States,37.76,-122.44,881549,,America/Los_Angeles,2.0,0.0,,,,,,,,,2020-02-15
208120,iso1:us#iso2:us-ca#fips:06075,san-francisco-county-california-us,"San Francisco County, California, US",county,,San Francisco County,California,United States,37.76,-122.44,881549,,America/Los_Angeles,2.0,0.0,,,,,,,,,2020-02-16
208121,iso1:us#iso2:us-ca#fips:06075,san-francisco-county-california-us,"San Francisco County, California, US",county,,San Francisco County,California,United States,37.76,-122.44,881549,,America/Los_Angeles,2.0,0.0,,,,,,,,,2020-02-17
208122,iso1:us#iso2:us-ca#fips:06075,san-francisco-county-california-us,"San Francisco County, California, US",county,,San Francisco County,California,United States,37.76,-122.44,881549,,America/Los_Angeles,2.0,0.0,,,,,,,,,2020-02-18
208123,iso1:us#iso2:us-ca#fips:06075,san-francisco-county-california-us,"San Francisco County, California, US",county,,San Francisco County,California,United States,37.76,-122.44,881549,,America/Los_Angeles,2.0,0.0,,,,,,,,,2020-02-19
208124,iso1:us#iso2:us-ca#fips:06075,san-francisco-county-california-us,"San Francisco County, California, US",county,,San Francisco County,California,United States,37.76,-122.44,881549,,America/Los_Angeles,2.0,0.0,,,,,,,,,2020-02-20
208125,iso1:us#iso2:us-ca#fips:06075,san-francisco-county-california-us,"San Francisco County, California, US",county,,San Francisco County,California,United States,37.76,-122.44,881549,,America/Los_Angeles,2.0,0.0,,,,,,,,,2020-02-21
208126,iso1:us#iso2:us-ca#fips:06075,san-francisco-county-california-us,"San Francisco County, California, US",county,,San Francisco County,California,United States,37.76,-122.44,881549,,America/Los_Angeles,2.0,0.0,,,,,,,,,2020-02-22
208127,iso1:us#iso2:us-ca#fips:06075,san-francisco-county-california-us,"San Francisco County, California, US",county,,San Francisco County,California,United States,37.76,-122.44,881549,,America/Los_Angeles,2.0,0.0,,,,,,,,,2020-02-23
208128,iso1:us#iso2:us-ca#fips:06075,san-francisco-county-california-us,"San Francisco County, California, US",county,,San Francisco County,California,United States,37.76,-122.44,881549,,America/Los_Angeles,3.0,0.0,,,,,,,,,2020-02-24
208129,iso1:us#iso2:us-ca#fips:06075,san-francisco-county-california-us,"San Francisco County, California, US",county,,San Francisco County,California,United States,37.76,-122.44,881549,,America/Los_Angeles,3.0,0.0,,,,,,,,,2020-02-25
208130,iso1:us#iso2:us-ca#fips:06075,san-francisco-county-california-us,"San Francisco County, California, US",county,,San Francisco County,California,United States,37.76,-122.44,881549,,America/Los_Angeles,3.0,0.0,,,,,,,,,2020-02-26
208131,iso1:us#iso2:us-ca#fips:06075,san-francisco-county-california-us,"San Francisco County, California, US",county,,San Francisco County,California,United States,37.76,-122.44,881549,,America/Los_Angeles,3.0,0.0,,,,,,,,,2020-02-27
208132,iso1:us#iso2:us-ca#fips:06075,san-francisco-county-california-us,"San Francisco County, California, US",county,,San Francisco County,California,United States,37.76,-122.44,881549,,America/Los_Angeles,3.0,0.0,,,,,,,,,2020-02-28
208133,iso1:us#iso2:us-ca#fips:06075,san-francisco-county-california-us,"San Francisco County, California, US",county,,San Francisco County,California,United States,37.76,-122.44,881549,,America/Los_Angeles,3.0,0.0,,,,,,,,,2020-02-29
208134,iso1:us#iso2:us-ca#fips:06075,san-francisco-county-california-us,"San Francisco County, California, US",county,,San Francisco County,California,United States,37.76,-122.44,881549,,America/Los_Angeles,3.0,0.0,,,,,,,,,2020-03-01
208135,iso1:us#iso2:us-ca#fips:06075,san-francisco-county-california-us,"San Francisco County, California, US",county,,San Francisco County,California,United States,37.76,-122.44,881549,,America/Los_Angeles,3.0,0.0,,,,,,,,,2020-03-02
208136,iso1:us#iso2:us-ca#fips:06075,san-francisco-county-california-us,"San Francisco County, California, US",county,,San Francisco County,California,United States,37.76,-122.44,881549,,America/Los_Angeles,3.0,0.0,,,,,,,,,2020-03-03
208137,iso1:us#iso2:us-ca#fips:06075,san-francisco-county-california-us,"San Francisco County, California, US",county,,San Francisco County,California,United States,37.76,-122.44,881549,,America/Los_Angeles,3.0,0.0,,,,,,,,,2020-03-04
208138,iso1:us#iso2:us-ca#fips:06075,san-francisco-county-california-us,"San Francisco County, California, US",county,,San Francisco County,California,United States,37.76,-122.44,881549,,America/Los_Angeles,5.0,0.0,,,,,,,,,2020-03-05
208139,iso1:us#iso2:us-ca#fips:06075,san-francisco-county-california-us,"San Francisco County, California, US",county,,San Francisco County,California,United States,37.76,-122.44,881549,,America/Los_Angeles,5.0,0.0,,,,,,,,,2020-03-06
208140,iso1:us#iso2:us-ca#fips:06075,san-francisco-county-california-us,"San Francisco County, California, US",county,,San Francisco County,California,United States,37.76,-122.44,881549,,America/Los_Angeles,11.0,0.0,,,,,,,,,2020-03-07
208141,iso1:us#iso2:us-ca#fips:06075,san-francisco-county-california-us,"San Francisco County, California, US",county,,San Francisco County,California,United States,37.76,-122.44,881549,,America/Los_Angeles,11.0,0.0,,,,,,,,,2020-03-08
208142,iso1:us#iso2:us-ca#fips:06075,san-francisco-county-california-us,"San Francisco County, California, US",county,,San Francisco County,California,United States,37.76,-122.44,881549,,America/Los_Angeles,16.0,0.0,,,,,,,,,2020-03-09
208143,iso1:us#iso2:us-ca#fips:06075,san-francisco-county-california-us,"San Francisco County, California, US",county,,San Francisco County,California,United States,37.76,-122.44,881549,,America/Los_Angeles,17.0,0.0,,,,,,,,,2020-03-10
208144,iso1:us#iso2:us-ca#fips:06075,san-francisco-county-california-us,"San Francisco County, California, US",county,,San Francisco County,California,United States,37.76,-122.44,881549,,America/Los_Angeles,17.0,0.0,,,,,,,,,2020-03-11
208145,iso1:us#iso2:us-ca#fips:06075,san-francisco-county-california-us,"San Francisco County, California, US",county,,San Francisco County,California,United States,37.76,-122.44,881549,,America/Los_Angeles,21.0,0.0,,,,,,,,,2020-03-12
208146,iso1:us#iso2:us-ca#fips:06075,san-francisco-county-california-us,"San Francisco County, California, US",county,,San Francisco County,California,United States,37.76,-122.44,881549,,America/Los_Angeles,51.0,0.0,,,629.0,,,,,,2020-03-13
208147,iso1:us#iso2:us-ca#fips:06075,san-francisco-county-california-us,"San Francisco County, California, US",county,,San Francisco County,California,United States,37.76,-122.44,881549,,America/Los_Angeles,61.0,0.0,,,702.0,,,,,,2020-03-14
208148,iso1:us#iso2:us-ca#fips:06075,san-francisco-county-california-us,"San Francisco County, California, US",county,,San Francisco County,California,United States,37.76,-122.44,881549,,America/Los_Angeles,72.0,0.0,,,795.0,,,,,,2020-03-15
208149,iso1:us#iso2:us-ca#fips:06075,san-francisco-county-california-us,"San Francisco County, California, US",county,,San Francisco County,California,United States,37.76,-122.44,881549,,America/Los_Angeles,113.0,0.0,,,1031.0,,,,,,2020-03-16
208150,iso1:us#iso2:us-ca#fips:06075,san-francisco-county-california-us,"San Francisco County, California, US",county,,San Francisco County,California,United States,37.76,-122.44,881549,,America/Los_Angeles,139.0,1.0,,,1278.0,,,,,,2020-03-17
208151,iso1:us#iso2:us-ca#fips:06075,san-francisco-county-california-us,"San Francisco County, California, US",county,,San Francisco County,California,United States,37.76,-122.44,881549,,America/Los_Angeles,160.0,1.0,,,1528.0,,,,,,2020-03-18
208152,iso1:us#iso2:us-ca#fips:06075,san-francisco-county-california-us,"San Francisco County, California, US",county,,San Francisco County,California,United States,37.76,-122.44,881549,,America/Los_Angeles,179.0,1.0,,,1745.0,,,,,,2020-03-19
208153,iso1:us#iso2:us-ca#fips:06075,san-francisco-county-california-us,"San Francisco County, California, US",county,,San Francisco County,California,United States,37.76,-122.44,881549,,America/Los_Angeles,215.0,1.0,,,1980.0,,,,,,2020-03-20
208154,iso1:us#iso2:us-ca#fips:06075,san-francisco-county-california-us,"San Francisco County, California, US",county,,San Francisco County,California,United States,37.76,-122.44,881549,,America/Los_Angeles,84.0,0.0,,,2108.0,,,,,,2020-03-21
208155,iso1:us#iso2:us-ca#fips:06075,san-francisco-county-california-us,"San Francisco County, California, US",county,,San Francisco County,California,United States,37.76,-122.44,881549,,America/Los_Angeles,108.0,0.0,,,2228.0,,,,,,2020-03-22
208156,iso1:us#iso2:us-ca#fips:06075,san-francisco-county-california-us,"San Francisco County, California, US",county,,San Francisco County,California,United States,37.76,-122.44,881549,,America/Los_Angeles,131.0,0.0,,,2511.0,,,,,,2020-03-23
208157,iso1:us#iso2:us-ca#fips:06075,san-francisco-county-california-us,"San Francisco County, California, US",county,,San Francisco County,California,United States,37.76,-122.44,881549,,America/Los_Angeles,152.0,0.0,,,2787.0,,,,,,2020-03-24
208158,iso1:us#iso2:us-ca#fips:06075,san-francisco-county-california-us,"San Francisco County, California, US",county,,San Francisco County,California,United States,37.76,-122.44,881549,,America/Los_Angeles,223.0,2.0,,,3093.0,,,,,,2020-03-25
208159,iso1:us#iso2:us-ca#fips:06075,san-francisco-county-california-us,"San Francisco County, California, US",county,,San Francisco County,California,United States,37.76,-122.44,881549,,America/Los_Angeles,223.0,2.0,,,3437.0,,,,,,2020-03-26
208160,iso1:us#iso2:us-ca#fips:06075,san-francisco-county-california-us,"San Francisco County, California, US",county,,San Francisco County,California,United States,37.76,-122.44,881549,,America/Los_Angeles,279.0,3.0,,,3829.0,,,,,,2020-03-27
208161,iso1:us#iso2:us-ca#fips:06075,san-francisco-county-california-us,"San Francisco County, California, US",county,,San Francisco County,California,United States,37.76,-122.44,881549,,America/Los_Angeles,308.0,4.0,,,4061.0,,,,,,2020-03-28
208162,iso1:us#iso2:us-ca#fips:06075,san-francisco-county-california-us,"San Francisco County, California, US",county,,San Francisco County,California,United States,37.76,-122.44,881549,,America/Los_Angeles,340.0,5.0,,,4180.0,,,,,,2020-03-29
208163,iso1:us#iso2:us-ca#fips:06075,san-francisco-county-california-us,"San Francisco County, California, US",county,,San Francisco County,California,United States,37.76,-122.44,881549,,America/Los_Angeles,374.0,6.0,,,4481.0,,,,,,2020-03-30
208164,iso1:us#iso2:us-ca#fips:06075,san-francisco-county-california-us,"San Francisco County, California, US",county,,San Francisco County,California,United States,37.76,-122.44,881549,,America/Los_Angeles,397.0,6.0,,,4787.0,,,,,,2020-03-31
208165,iso1:us#iso2:us-ca#fips:06075,san-francisco-county-california-us,"San Francisco County, California, US",county,,San Francisco County,California,United States,37.76,-122.44,881549,,America/Los_Angeles,434.0,7.0,,,5094.0,,,,,,2020-04-01
208166,iso1:us#iso2:us-ca#fips:06075,san-francisco-county-california-us,"San Francisco County, California, US",county,,San Francisco County,California,United States,37.76,-122.44,881549,,America/Los_Angeles,450.0,7.0,,,5420.0,,58.0,,,,2020-04-02
208167,iso1:us#iso2:us-ca#fips:06075,san-francisco-county-california-us,"San Francisco County, California, US",county,,San Francisco County,California,United States,37.76,-122.44,881549,,America/Los_Angeles,497.0,7.0,,,5732.0,,58.0,,,,2020-04-03
208168,iso1:us#iso2:us-ca#fips:06075,san-francisco-county-california-us,"San Francisco County, California, US",county,,San Francisco County,California,United States,37.76,-122.44,881549,,America/Los_Angeles,529.0,8.0,,,5894.0,,,,,,2020-04-04
208169,iso1:us#iso2:us-ca#fips:06075,san-francisco-county-california-us,"San Francisco County, California, US",county,,San Francisco County,California,United States,37.76,-122.44,881549,,America/Los_Angeles,568.0,8.0,,,6109.0,,,,,,2020-04-05
208170,iso1:us#iso2:us-ca#fips:06075,san-francisco-county-california-us,"San Francisco County, California, US",county,,San Francisco County,California,United States,37.76,-122.44,881549,,America/Los_Angeles,583.0,9.0,,,6510.0,,,,,,2020-04-06
208171,iso1:us#iso2:us-ca#fips:06075,san-francisco-county-california-us,"San Francisco County, California, US",county,,San Francisco County,California,United States,37.76,-122.44,881549,,America/Los_Angeles,622.0,9.0,,,5645.0,,83.0,,,37.0,2020-04-07
208172,iso1:us#iso2:us-ca#fips:06075,san-francisco-county-california-us,"San Francisco County, California, US",county,,San Francisco County,California,United States,37.76,-122.44,881549,,America/Los_Angeles,676.0,10.0,,,5994.0,83.0,,,,37.0,2020-04-08
208173,iso1:us#iso2:us-ca#fips:06075,san-francisco-county-california-us,"San Francisco County, California, US",county,,San Francisco County,California,United States,37.76,-122.44,881549,,America/Los_Angeles,724.0,10.0,,,6374.0,83.0,,,,37.0,2020-04-09
208174,iso1:us#iso2:us-ca#fips:06075,san-francisco-county-california-us,"San Francisco County, California, US",county,,San Francisco County,California,United States,37.76,-122.44,881549,,America/Los_Angeles,797.0,13.0,,,6873.0,88.0,,,,32.0,2020-04-10
208175,iso1:us#iso2:us-ca#fips:06075,san-francisco-county-california-us,"San Francisco County, California, US",county,,San Francisco County,California,United States,37.76,-122.44,881549,,America/Los_Angeles,857.0,13.0,,,6873.0,88.0,,,,32.0,2020-04-11
208176,iso1:us#iso2:us-ca#fips:06075,san-francisco-county-california-us,"San Francisco County, California, US",county,,San Francisco County,California,United States,37.76,-122.44,881549,,America/Los_Angeles,872.0,14.0,,,7666.0,,83.0,,,28.0,2020-04-12
208177,iso1:us#iso2:us-ca#fips:06075,san-francisco-county-california-us,"San Francisco County, California, US",county,,San Francisco County,California,United States,37.76,-122.44,881549,,America/Los_Angeles,957.0,15.0,,,7961.0,,93.0,,,30.0,2020-04-13
208178,iso1:us#iso2:us-ca#fips:06075,san-francisco-county-california-us,"San Francisco County, California, US",county,,San Francisco County,California,United States,37.76,-122.44,881549,,America/Los_Angeles,987.0,15.0,,,8541.0,,,,,,2020-04-14
208179,iso1:us#iso2:us-ca#fips:06075,san-francisco-county-california-us,"San Francisco County, California, US",county,,San Francisco County,California,United States,37.76,-122.44,881549,,America/Los_Angeles,1013.0,17.0,,,9001.0,,,,,,2020-04-15
208180,iso1:us#iso2:us-ca#fips:06075,san-francisco-county-california-us,"San Francisco County, California, US",county,,San Francisco County,California,United States,37.76,-122.44,881549,,America/Los_Angeles,1019.0,17.0,,,9453.0,,,,,,2020-04-16
208181,iso1:us#iso2:us-ca#fips:06075,san-francisco-county-california-us,"San Francisco County, California, US",county,,San Francisco County,California,United States,37.76,-122.44,881549,,America/Los_Angeles,1058.0,20.0,,,10007.0,,91.0,,,28.0,2020-04-17
208182,iso1:us#iso2:us-ca#fips:06075,san-francisco-county-california-us,"San Francisco County, California, US",county,,San Francisco County,California,United States,37.76,-122.44,881549,,America/Los_Angeles,1137.0,20.0,,,10007.0,,91.0,,,28.0,2020-04-18
208183,iso1:us#iso2:us-ca#fips:06075,san-francisco-county-california-us,"San Francisco County, California, US",county,,San Francisco County,California,United States,37.76,-122.44,881549,,America/Los_Angeles,1157.0,20.0,,,10855.0,,77.0,,,27.0,2020-04-19
208184,iso1:us#iso2:us-ca#fips:06075,san-francisco-county-california-us,"San Francisco County, California, US",county,,San Francisco County,California,United States,37.76,-122.44,881549,,America/Los_Angeles,1216.0,20.0,,,11254.0,,77.0,,,27.0,2020-04-20
208185,iso1:us#iso2:us-ca#fips:06075,san-francisco-county-california-us,"San Francisco County, California, US",county,,San Francisco County,California,United States,37.76,-122.44,881549,,America/Los_Angeles,1231.0,20.0,,,11675.0,,83.0,,,27.0,2020-04-21
208186,iso1:us#iso2:us-ca#fips:06075,san-francisco-county-california-us,"San Francisco County, California, US",county,,San Francisco County,California,United States,37.76,-122.44,881549,,America/Los_Angeles,1233.0,21.0,,,12054.0,,81.0,,,25.0,2020-04-22
208187,iso1:us#iso2:us-ca#fips:06075,san-francisco-county-california-us,"San Francisco County, California, US",county,,San Francisco County,California,United States,37.76,-122.44,881549,,America/Los_Angeles,1302.0,21.0,,,12054.0,,81.0,,,25.0,2020-04-23
208188,iso1:us#iso2:us-ca#fips:06075,san-francisco-county-california-us,"San Francisco County, California, US",county,,San Francisco County,California,United States,37.76,-122.44,881549,,America/Los_Angeles,1340.0,22.0,,,13168.0,,82.0,,,33.0,2020-04-24
208189,iso1:us#iso2:us-ca#fips:06075,san-francisco-county-california-us,"San Francisco County, California, US",county,,San Francisco County,California,United States,37.76,-122.44,881549,,America/Los_Angeles,1354.0,22.0,,,13763.0,,77.0,,,30.0,2020-04-25
208190,iso1:us#iso2:us-ca#fips:06075,san-francisco-county-california-us,"San Francisco County, California, US",county,,San Francisco County,California,United States,37.76,-122.44,881549,,America/Los_Angeles,1408.0,22.0,,,15110.0,,78.0,,,30.0,2020-04-26
208191,iso1:us#iso2:us-ca#fips:06075,san-francisco-county-california-us,"San Francisco County, California, US",county,,San Francisco County,California,United States,37.76,-122.44,881549,,America/Los_Angeles,1424.0,23.0,,,15610.0,,85.0,,,31.0,2020-04-27
208192,iso1:us#iso2:us-ca#fips:06075,san-francisco-county-california-us,"San Francisco County, California, US",county,,San Francisco County,California,United States,37.76,-122.44,881549,,America/Los_Angeles,1468.0,23.0,,,16897.0,,87.0,,,29.0,2020-04-28
208193,iso1:us#iso2:us-ca#fips:06075,san-francisco-county-california-us,"San Francisco County, California, US",county,,San Francisco County,California,United States,37.76,-122.44,881549,,America/Los_Angeles,1490.0,23.0,,,17718.0,,89.0,,,28.0,2020-04-29
208194,iso1:us#iso2:us-ca#fips:06075,san-francisco-county-california-us,"San Francisco County, California, US",county,,San Francisco County,California,United States,37.76,-122.44,881549,,America/Los_Angeles,1499.0,25.0,,,18815.0,,84.0,,,27.0,2020-04-30
208195,iso1:us#iso2:us-ca#fips:06075,san-francisco-county-california-us,"San Francisco County, California, US",county,,San Francisco County,California,United States,37.76,-122.44,881549,,America/Los_Angeles,1523.0,28.0,,,20433.0,,90.0,,,32.0,2020-05-01
208196,iso1:us#iso2:us-ca#fips:06075,san-francisco-county-california-us,"San Francisco County, California, US",county,,San Francisco County,California,United States,37.76,-122.44,881549,,America/Los_Angeles,1543.0,29.0,,,22315.0,,90.0,,,32.0,2020-05-02
208197,iso1:us#iso2:us-ca#fips:06075,san-francisco-county-california-us,"San Francisco County, California, US",county,,San Francisco County,California,United States,37.76,-122.44,881549,,America/Los_Angeles,1602.0,29.0,,,23869.0,,90.0,,,32.0,2020-05-03
208198,iso1:us#iso2:us-ca#fips:06075,san-francisco-county-california-us,"San Francisco County, California, US",county,,San Francisco County,California,United States,37.76,-122.44,881549,,America/Los_Angeles,1624.0,29.0,,,25165.0,,90.0,,,30.0,2020-05-04
208199,iso1:us#iso2:us-ca#fips:06075,san-francisco-county-california-us,"San Francisco County, California, US",county,,San Francisco County,California,United States,37.76,-122.44,881549,,America/Los_Angeles,1728.0,31.0,,,26133.0,,86.0,,,26.0,2020-05-05
208200,iso1:us#iso2:us-ca#fips:06075,san-francisco-county-california-us,"San Francisco County, California, US",county,,San Francisco County,California,United States,37.76,-122.44,881549,,America/Los_Angeles,1754.0,31.0,,,27344.0,,84.0,,,27.0,2020-05-06
208201,iso1:us#iso2:us-ca#fips:06075,san-francisco-county-california-us,"San Francisco County, California, US",county,,San Francisco County,California,United States,37.76,-122.44,881549,,America/Los_Angeles,1806.0,32.0,,,31828.0,,80.0,,,26.0,2020-05-07
208202,iso1:us#iso2:us-ca#fips:06075,san-francisco-county-california-us,"San Francisco County, California, US",county,,San Francisco County,California,United States,37.76,-122.44,881549,,America/Los_Angeles,1853.0,33.0,,,32969.0,,78.0,,,30.0,2020-05-08
208203,iso1:us#iso2:us-ca#fips:06075,san-francisco-county-california-us,"San Francisco County, California, US",county,,San Francisco County,California,United States,37.76,-122.44,881549,,America/Los_Angeles,1891.0,33.0,,,34107.0,,75.0,,,28.0,2020-05-09
208204,iso1:us#iso2:us-ca#fips:06075,san-francisco-county-california-us,"San Francisco County, California, US",county,,San Francisco County,California,United States,37.76,-122.44,881549,,America/Los_Angeles,1943.0,34.0,,,35671.0,,75.0,,,28.0,2020-05-10
208205,iso1:us#iso2:us-ca#fips:06075,san-francisco-county-california-us,"San Francisco County, California, US",county,,San Francisco County,California,United States,37.76,-122.44,881549,,America/Los_Angeles,1954.0,35.0,,,36611.0,,71.0,,,24.0,2020-05-11
208206,iso1:us#iso2:us-ca#fips:06075,san-francisco-county-california-us,"San Francisco County, California, US",county,,San Francisco County,California,United States,37.76,-122.44,881549,,America/Los_Angeles,1977.0,35.0,,,38162.0,,70.0,,,23.0,2020-05-12
208207,iso1:us#iso2:us-ca#fips:06075,san-francisco-county-california-us,"San Francisco County, California, US",county,,San Francisco County,California,United States,37.76,-122.44,881549,,America/Los_Angeles,1994.0,35.0,,,39355.0,,70.0,,,23.0,2020-05-13
208208,iso1:us#iso2:us-ca#fips:06075,san-francisco-county-california-us,"San Francisco County, California, US",county,,San Francisco County,California,United States,37.76,-122.44,881549,,America/Los_Angeles,1999.0,35.0,,,40543.0,,65.0,,,25.0,2020-05-14
208209,iso1:us#iso2:us-ca#fips:06075,san-francisco-county-california-us,"San Francisco County, California, US",county,,San Francisco County,California,United States,37.76,-122.44,881549,,America/Los_Angeles,2026.0,36.0,,,42063.0,,64.0,,,22.0,2020-05-15
208210,iso1:us#iso2:us-ca#fips:06075,san-francisco-county-california-us,"San Francisco County, California, US",county,,San Francisco County,California,United States,37.76,-122.44,881549,,America/Los_Angeles,2054.0,36.0,,,43017.0,,63.0,,,20.0,2020-05-16
208211,iso1:us#iso2:us-ca#fips:06075,san-francisco-county-california-us,"San Francisco County, California, US",county,,San Francisco County,California,United States,37.76,-122.44,881549,,America/Los_Angeles,2091.0,36.0,,,43966.0,,44.0,,,20.0,2020-05-17
208212,iso1:us#iso2:us-ca#fips:06075,san-francisco-county-california-us,"San Francisco County, California, US",county,,San Francisco County,California,United States,37.76,-122.44,881549,,America/Los_Angeles,2131.0,36.0,,,44373.0,,53.0,,,19.0,2020-05-18
208213,iso1:us#iso2:us-ca#fips:06075,san-francisco-county-california-us,"San Francisco County, California, US",county,,San Francisco County,California,United States,37.76,-122.44,881549,,America/Los_Angeles,2179.0,36.0,,,45941.0,,62.0,,,19.0,2020-05-19
208214,iso1:us#iso2:us-ca#fips:06075,san-francisco-county-california-us,"San Francisco County, California, US",county,,San Francisco County,California,United States,37.76,-122.44,881549,,America/Los_Angeles,2185.0,37.0,,,47328.0,,61.0,,,20.0,2020-05-20
208215,iso1:us#iso2:us-ca#fips:06075,san-francisco-county-california-us,"San Francisco County, California, US",county,,San Francisco County,California,United States,37.76,-122.44,881549,,America/Los_Angeles,2198.0,37.0,,,49113.0,,61.0,,,22.0,2020-05-21
208216,iso1:us#iso2:us-ca#fips:06075,san-francisco-county-california-us,"San Francisco County, California, US",county,,San Francisco County,California,United States,37.76,-122.44,881549,,America/Los_Angeles,2320.0,40.0,,,50533.0,,56.0,,,18.0,2020-05-22
208217,iso1:us#iso2:us-ca#fips:06075,san-francisco-county-california-us,"San Francisco County, California, US",county,,San Francisco County,California,United States,37.76,-122.44,881549,,America/Los_Angeles,2350.0,40.0,,,52398.0,,56.0,,,18.0,2020-05-23
208218,iso1:us#iso2:us-ca#fips:06075,san-francisco-county-california-us,"San Francisco County, California, US",county,,San Francisco County,California,United States,37.76,-122.44,881549,,America/Los_Angeles,2367.0,40.0,,,53870.0,,58.0,,,19.0,2020-05-24
208219,iso1:us#iso2:us-ca#fips:06075,san-francisco-county-california-us,"San Francisco County, California, US",county,,San Francisco County,California,United States,37.76,-122.44,881549,,America/Los_Angeles,2386.0,40.0,,,54839.0,,61.0,,,21.0,2020-05-25
208220,iso1:us#iso2:us-ca#fips:06075,san-francisco-county-california-us,"San Francisco County, California, US",county,,San Francisco County,California,United States,37.76,-122.44,881549,,America/Los_Angeles,2399.0,40.0,,,56524.0,,52.0,,,21.0,2020-05-26
208221,iso1:us#iso2:us-ca#fips:06075,san-francisco-county-california-us,"San Francisco County, California, US",county,,San Francisco County,California,United States,37.76,-122.44,881549,,America/Los_Angeles,2408.0,40.0,,,59468.0,,53.0,,,21.0,2020-05-27
208222,iso1:us#iso2:us-ca#fips:06075,san-francisco-county-california-us,"San Francisco County, California, US",county,,San Francisco County,California,United States,37.76,-122.44,881549,,America/Los_Angeles,2437.0,40.0,,,61016.0,,57.0,,,20.0,2020-05-28
208223,iso1:us#iso2:us-ca#fips:06075,san-francisco-county-california-us,"San Francisco County, California, US",county,,San Francisco County,California,United States,37.76,-122.44,881549,,America/Los_Angeles,2473.0,41.0,,,63447.0,,55.0,,,21.0,2020-05-29
208224,iso1:us#iso2:us-ca#fips:06075,san-francisco-county-california-us,"San Francisco County, California, US",county,,San Francisco County,California,United States,37.76,-122.44,881549,,America/Los_Angeles,2532.0,41.0,,,65474.0,,55.0,,,21.0,2020-05-30
208225,iso1:us#iso2:us-ca#fips:06075,san-francisco-county-california-us,"San Francisco County, California, US",county,,San Francisco County,California,United States,37.76,-122.44,881549,,America/Los_Angeles,2558.0,42.0,,,66988.0,,55.0,,,21.0,2020-05-31
208226,iso1:us#iso2:us-ca#fips:06075,san-francisco-county-california-us,"San Francisco County, California, US",county,,San Francisco County,California,United States,37.76,-122.44,881549,,America/Los_Angeles,2570.0,43.0,,,68418.0,,52.0,,,22.0,2020-06-01
208227,iso1:us#iso2:us-ca#fips:06075,san-francisco-county-california-us,"San Francisco County, California, US",county,,San Francisco County,California,United States,37.76,-122.44,881549,,America/Los_Angeles,2587.0,43.0,,,69810.0,,51.0,,,18.0,2020-06-02
208228,iso1:us#iso2:us-ca#fips:06075,san-francisco-county-california-us,"San Francisco County, California, US",county,,San Francisco County,California,United States,37.76,-122.44,881549,,America/Los_Angeles,2613.0,43.0,,,71571.0,,43.0,,,19.0,2020-06-03
208229,iso1:us#iso2:us-ca#fips:06075,san-francisco-county-california-us,"San Francisco County, California, US",county,,San Francisco County,California,United States,37.76,-122.44,881549,,America/Los_Angeles,2644.0,43.0,,,74001.0,,39.0,,,18.0,2020-06-04
208230,iso1:us#iso2:us-ca#fips:06075,san-francisco-county-california-us,"San Francisco County, California, US",county,,San Francisco County,California,United States,37.76,-122.44,881549,,America/Los_Angeles,2698.0,43.0,,,76094.0,,43.0,,,16.0,2020-06-05
208231,iso1:us#iso2:us-ca#fips:06075,san-francisco-county-california-us,"San Francisco County, California, US",county,,San Francisco County,California,United States,37.76,-122.44,881549,,America/Los_Angeles,2712.0,43.0,,,78530.0,,43.0,,,15.0,2020-06-06
208232,iso1:us#iso2:us-ca#fips:06075,san-francisco-county-california-us,"San Francisco County, California, US",county,,San Francisco County,California,United States,37.76,-122.44,881549,,America/Los_Angeles,2747.0,43.0,,,82614.0,,38.0,,,15.0,2020-06-07
208233,iso1:us#iso2:us-ca#fips:06075,san-francisco-county-california-us,"San Francisco County, California, US",county,,San Francisco County,California,United States,37.76,-122.44,881549,,America/Los_Angeles,2779.0,43.0,,,83799.0,,36.0,,,14.0,2020-06-08
208234,iso1:us#iso2:us-ca#fips:06075,san-francisco-county-california-us,"San Francisco County, California, US",county,,San Francisco County,California,United States,37.76,-122.44,881549,,America/Los_Angeles,2793.0,44.0,,,85018.0,,36.0,,,14.0,2020-06-09
208235,iso1:us#iso2:us-ca#fips:06075,san-francisco-county-california-us,"San Francisco County, California, US",county,,San Francisco County,California,United States,37.76,-122.44,881549,,America/Los_Angeles,2809.0,44.0,,,87585.0,,38.0,,,14.0,2020-06-10
208236,iso1:us#iso2:us-ca#fips:06075,san-francisco-county-california-us,"San Francisco County, California, US",county,,San Francisco County,California,United States,37.76,-122.44,881549,,America/Los_Angeles,2840.0,44.0,,,89609.0,,38.0,,,14.0,2020-06-11
208237,iso1:us#iso2:us-ca#fips:06075,san-francisco-county-california-us,"San Francisco County, California, US",county,,San Francisco County,California,United States,37.76,-122.44,881549,,America/Los_Angeles,2878.0,44.0,,,93259.0,,37.0,,,14.0,2020-06-12
208238,iso1:us#iso2:us-ca#fips:06075,san-francisco-county-california-us,"San Francisco County, California, US",county,,San Francisco County,California,United States,37.76,-122.44,881549,,America/Los_Angeles,2906.0,44.0,,,95638.0,,42.0,,,15.0,2020-06-13
208239,iso1:us#iso2:us-ca#fips:06075,san-francisco-county-california-us,"San Francisco County, California, US",county,,San Francisco County,California,United States,37.76,-122.44,881549,,America/Los_Angeles,2928.0,45.0,,,98742.0,,39.0,,,14.0,2020-06-14
208240,iso1:us#iso2:us-ca#fips:06075,san-francisco-county-california-us,"San Francisco County, California, US",county,,San Francisco County,California,United States,37.76,-122.44,881549,,America/Los_Angeles,2952.0,46.0,,,101615.0,,38.0,,,12.0,2020-06-15
208241,iso1:us#iso2:us-ca#fips:06075,san-francisco-county-california-us,"San Francisco County, California, US",county,,San Francisco County,California,United States,37.76,-122.44,881549,,America/Los_Angeles,2971.0,46.0,,,102918.0,,38.0,,,8.0,2020-06-16
208242,iso1:us#iso2:us-ca#fips:06075,san-francisco-county-california-us,"San Francisco County, California, US",county,,San Francisco County,California,United States,37.76,-122.44,881549,,America/Los_Angeles,2982.0,47.0,,,104983.0,,33.0,,,8.0,2020-06-17
208243,iso1:us#iso2:us-ca#fips:06075,san-francisco-county-california-us,"San Francisco County, California, US",county,,San Francisco County,California,United States,37.76,-122.44,881549,,America/Los_Angeles,3020.0,47.0,,,108651.0,,35.0,,,8.0,2020-06-18
208244,iso1:us#iso2:us-ca#fips:06075,san-francisco-county-california-us,"San Francisco County, California, US",county,,San Francisco County,California,United States,37.76,-122.44,881549,,America/Los_Angeles,3057.0,47.0,,,112181.0,,33.0,,,8.0,2020-06-19
208245,iso1:us#iso2:us-ca#fips:06075,san-francisco-county-california-us,"San Francisco County, California, US",county,,San Francisco County,California,United States,37.76,-122.44,881549,,America/Los_Angeles,3058.0,47.0,,,115756.0,,31.0,,,8.0,2020-06-20
208246,iso1:us#iso2:us-ca#fips:06075,san-francisco-county-california-us,"San Francisco County, California, US",county,,San Francisco County,California,United States,37.76,-122.44,881549,,America/Los_Angeles,3058.0,47.0,,,118921.0,,32.0,,,10.0,2020-06-21
208247,iso1:us#iso2:us-ca#fips:06075,san-francisco-county-california-us,"San Francisco County, California, US",county,,San Francisco County,California,United States,37.76,-122.44,881549,,America/Los_Angeles,3185.0,48.0,,,121772.0,,36.0,,,11.0,2020-06-22
208248,iso1:us#iso2:us-ca#fips:06075,san-francisco-county-california-us,"San Francisco County, California, US",county,,San Francisco County,California,United States,37.76,-122.44,881549,,America/Los_Angeles,3219.0,48.0,,,123286.0,,39.0,,,13.0,2020-06-23
208249,iso1:us#iso2:us-ca#fips:06075,san-francisco-county-california-us,"San Francisco County, California, US",county,,San Francisco County,California,United States,37.76,-122.44,881549,,America/Los_Angeles,3249.0,48.0,,,125859.0,,43.0,,,16.0,2020-06-24
208250,iso1:us#iso2:us-ca#fips:06075,san-francisco-county-california-us,"San Francisco County, California, US",county,,San Francisco County,California,United States,37.76,-122.44,881549,,America/Los_Angeles,3297.0,48.0,,,129617.0,,47.0,,,17.0,2020-06-25
208251,iso1:us#iso2:us-ca#fips:06075,san-francisco-county-california-us,"San Francisco County, California, US",county,,San Francisco County,California,United States,37.76,-122.44,881549,,America/Los_Angeles,3400.0,48.0,,,132575.0,,45.0,,,18.0,2020-06-26
208252,iso1:us#iso2:us-ca#fips:06075,san-francisco-county-california-us,"San Francisco County, California, US",county,,San Francisco County,California,United States,37.76,-122.44,881549,,America/Los_Angeles,3468.0,49.0,,,135170.0,,54.0,,,19.0,2020-06-27
208253,iso1:us#iso2:us-ca#fips:06075,san-francisco-county-california-us,"San Francisco County, California, US",county,,San Francisco County,California,United States,37.76,-122.44,881549,,America/Los_Angeles,3512.0,50.0,,,136995.0,,56.0,,,22.0,2020-06-28
208254,iso1:us#iso2:us-ca#fips:06075,san-francisco-county-california-us,"San Francisco County, California, US",county,,San Francisco County,California,United States,37.76,-122.44,881549,,America/Los_Angeles,3561.0,50.0,,,139536.0,,61.0,,,23.0,2020-06-29
208255,iso1:us#iso2:us-ca#fips:06075,san-francisco-county-california-us,"San Francisco County, California, US",county,,San Francisco County,California,United States,37.76,-122.44,881549,,America/Los_Angeles,3603.0,50.0,,,141346.0,,64.0,,,23.0,2020-06-30
208256,iso1:us#iso2:us-ca#fips:06075,san-francisco-county-california-us,"San Francisco County, California, US",county,,San Francisco County,California,United States,37.76,-122.44,881549,,America/Los_Angeles,3648.0,50.0,,,143202.0,,67.0,,,27.0,2020-07-01
208257,iso1:us#iso2:us-ca#fips:06075,san-francisco-county-california-us,"San Francisco County, California, US",county,,San Francisco County,California,United States,37.76,-122.44,881549,,America/Los_Angeles,3719.0,50.0,,,145420.0,,72.0,,,31.0,2020-07-02
208258,iso1:us#iso2:us-ca#fips:06075,san-francisco-county-california-us,"San Francisco County, California, US",county,,San Francisco County,California,United States,37.76,-122.44,881549,,America/Los_Angeles,3776.0,50.0,,,148338.0,,70.0,,,29.0,2020-07-03
208259,iso1:us#iso2:us-ca#fips:06075,san-francisco-county-california-us,"San Francisco County, California, US",county,,San Francisco County,California,United States,37.76,-122.44,881549,,America/Los_Angeles,3776.0,50.0,,,148911.0,,70.0,,,29.0,2020-07-04
208260,iso1:us#iso2:us-ca#fips:06075,san-francisco-county-california-us,"San Francisco County, California, US",county,,San Francisco County,California,United States,37.76,-122.44,881549,,America/Los_Angeles,3776.0,50.0,,,154023.0,,70.0,,,29.0,2020-07-05
208261,iso1:us#iso2:us-ca#fips:06075,san-francisco-county-california-us,"San Francisco County, California, US",county,,San Francisco County,California,United States,37.76,-122.44,881549,,America/Los_Angeles,3992.0,50.0,,,154474.0,,69.0,,,15.0,2020-07-06
208262,iso1:us#iso2:us-ca#fips:06075,san-francisco-county-california-us,"San Francisco County, California, US",county,,San Francisco County,California,United States,37.76,-122.44,881549,,America/Los_Angeles,4020.0,50.0,,,157324.0,,68.0,,,27.0,2020-07-07
208263,iso1:us#iso2:us-ca#fips:06075,san-francisco-county-california-us,"San Francisco County, California, US",county,,San Francisco County,California,United States,37.76,-122.44,881549,,America/Los_Angeles,4071.0,50.0,,,158652.0,,73.0,,,24.0,2020-07-08
208264,iso1:us#iso2:us-ca#fips:06075,san-francisco-county-california-us,"San Francisco County, California, US",county,,San Francisco County,California,United States,37.76,-122.44,881549,,America/Los_Angeles,4145.0,50.0,,,171964.0,,76.0,,,25.0,2020-07-09
208265,iso1:us#iso2:us-ca#fips:06075,san-francisco-county-california-us,"San Francisco County, California, US",county,,San Francisco County,California,United States,37.76,-122.44,881549,,America/Los_Angeles,4316.0,50.0,,,174365.0,,79.0,,,29.0,2020-07-10
208266,iso1:us#iso2:us-ca#fips:06075,san-francisco-county-california-us,"San Francisco County, California, US",county,,San Francisco County,California,United States,37.76,-122.44,881549,,America/Los_Angeles,4426.0,50.0,,,181341.0,,76.0,,,32.0,2020-07-11
208267,iso1:us#iso2:us-ca#fips:06075,san-francisco-county-california-us,"San Francisco County, California, US",county,,San Francisco County,California,United States,37.76,-122.44,881549,,America/Los_Angeles,4522.0,50.0,,,184842.0,,80.0,,,35.0,2020-07-12
208268,iso1:us#iso2:us-ca#fips:06075,san-francisco-county-california-us,"San Francisco County, California, US",county,,San Francisco County,California,United States,37.76,-122.44,881549,,America/Los_Angeles,4590.0,50.0,,,187600.0,,86.0,,,36.0,2020-07-13
208269,iso1:us#iso2:us-ca#fips:06075,san-francisco-county-california-us,"San Francisco County, California, US",county,,San Francisco County,California,United States,37.76,-122.44,881549,,America/Los_Angeles,4640.0,50.0,,,190091.0,,91.0,,,34.0,2020-07-14
208270,iso1:us#iso2:us-ca#fips:06075,san-francisco-county-california-us,"San Francisco County, California, US",county,,San Francisco County,California,United States,37.76,-122.44,881549,,America/Los_Angeles,4696.0,50.0,,,192788.0,,92.0,,,30.0,2020-07-15
208271,iso1:us#iso2:us-ca#fips:06075,san-francisco-county-california-us,"San Francisco County, California, US",county,,San Francisco County,California,United States,37.76,-122.44,881549,,America/Los_Angeles,4860.0,51.0,,,198739.0,,99.0,,,32.0,2020-07-16
208272,iso1:us#iso2:us-ca#fips:06075,san-francisco-county-california-us,"San Francisco County, California, US",county,,San Francisco County,California,United States,37.76,-122.44,881549,,America/Los_Angeles,4975.0,52.0,,,203804.0,,91.0,,,27.0,2020-07-17
208273,iso1:us#iso2:us-ca#fips:06075,san-francisco-county-california-us,"San Francisco County, California, US",county,,San Francisco County,California,United States,37.76,-122.44,881549,,America/Los_Angeles,5116.0,52.0,,,208174.0,,93.0,,,25.0,2020-07-18
208274,iso1:us#iso2:us-ca#fips:06075,san-francisco-county-california-us,"San Francisco County, California, US",county,,San Francisco County,California,United States,37.76,-122.44,881549,,America/Los_Angeles,5202.0,52.0,,,211512.0,,94.0,,,32.0,2020-07-19
208275,iso1:us#iso2:us-ca#fips:06075,san-francisco-county-california-us,"San Francisco County, California, US",county,,San Francisco County,California,United States,37.76,-122.44,881549,,America/Los_Angeles,5305.0,52.0,,,215480.0,,100.0,,,34.0,2020-07-20
208276,iso1:us#iso2:us-ca#fips:06075,san-francisco-county-california-us,"San Francisco County, California, US",county,,San Francisco County,California,United States,37.76,-122.44,881549,,America/Los_Angeles,5363.0,53.0,,,218490.0,,99.0,,,29.0,2020-07-21
208277,iso1:us#iso2:us-ca#fips:06075,san-francisco-county-california-us,"San Francisco County, California, US",county,,San Francisco County,California,United States,37.76,-122.44,881549,,America/Los_Angeles,5459.0,53.0,,,221581.0,,100.0,,,29.0,2020-07-22
208278,iso1:us#iso2:us-ca#fips:06075,san-francisco-county-california-us,"San Francisco County, California, US",county,,San Francisco County,California,United States,37.76,-122.44,881549,,America/Los_Angeles,5564.0,55.0,,,225159.0,,99.0,,,31.0,2020-07-23
208279,iso1:us#iso2:us-ca#fips:06075,san-francisco-county-california-us,"San Francisco County, California, US",county,,San Francisco County,California,United States,37.76,-122.44,881549,,America/Los_Angeles,5679.0,56.0,,,226180.0,,99.0,,,31.0,2020-07-24
208280,iso1:us#iso2:us-ca#fips:06075,san-francisco-county-california-us,"San Francisco County, California, US",county,,San Francisco County,California,United States,37.76,-122.44,881549,,America/Los_Angeles,5787.0,56.0,,,228611.0,,99.0,,,31.0,2020-07-25
208281,iso1:us#iso2:us-ca#fips:06075,san-francisco-county-california-us,"San Francisco County, California, US",county,,San Francisco County,California,United States,37.76,-122.44,881549,,America/Los_Angeles,5932.0,56.0,,,233200.0,,99.0,,,31.0,2020-07-26
208282,iso1:us#iso2:us-ca#fips:06075,san-francisco-county-california-us,"San Francisco County, California, US",county,,San Francisco County,California,United States,37.76,-122.44,881549,,America/Los_Angeles,6022.0,56.0,,,233517.0,,99.0,,,31.0,2020-07-27
208283,iso1:us#iso2:us-ca#fips:06075,san-francisco-county-california-us,"San Francisco County, California, US",county,,San Francisco County,California,United States,37.76,-122.44,881549,,America/Los_Angeles,6065.0,56.0,,,237044.0,,107.0,,,35.0,2020-07-28
208284,iso1:us#iso2:us-ca#fips:06075,san-francisco-county-california-us,"San Francisco County, California, US",county,,San Francisco County,California,United States,37.76,-122.44,881549,,America/Los_Angeles,6197.0,57.0,,,241713.0,,112.0,,,38.0,2020-07-29
208285,iso1:us#iso2:us-ca#fips:06075,san-francisco-county-california-us,"San Francisco County, California, US",county,,San Francisco County,California,United States,37.76,-122.44,881549,,America/Los_Angeles,6423.0,58.0,,,245876.0,,112.0,,,38.0,2020-07-30
208286,iso1:us#iso2:us-ca#fips:06075,san-francisco-county-california-us,"San Francisco County, California, US",county,,San Francisco County,California,United States,37.76,-122.44,881549,,America/Los_Angeles,6575.0,59.0,,,249599.0,,109.0,,,39.0,2020-07-31
208287,iso1:us#iso2:us-ca#fips:06075,san-francisco-county-california-us,"San Francisco County, California, US",county,,San Francisco County,California,United States,37.76,-122.44,881549,,America/Los_Angeles,6723.0,61.0,,,258238.0,,114.0,,,40.0,2020-08-01
